time,T1038,T2571,T4587,T6376,T7640,T9105,T9625,T9989,T10169
1.000000000000,16.00000000,16.00000000,16.00000000,16.00000000,16.00000000,16.00000000,16.00000000,16.00000000,16.00000000
1314901.000000,19.73743285,16.73591980,16.00661372,16.00000704,16.00000842,15.99999966,16.00000012,16.00000028,16.00000035
2629801.000000,20.78379204,18.05092759,16.04619501,16.00002240,16.00001662,15.99999975,16.00000028,16.00000044,16.00000074
3944701.000000,20.96712823,19.30250851,16.16766439,16.00008270,16.00002386,15.99999997,16.00000041,16.00000055,16.00000113
5259601.000000,20.99479534,20.15287460,16.42287597,16.00033507,16.00003020,16.00000024,16.00000053,16.00000064,16.00000149
6574501.000000,20.99890145,20.61944855,16.83631849,16.00121855,16.00003572,16.00000052,16.00000062,16.00000073,16.00000183
7889401.000000,20.99954809,20.84112571,17.38772061,16.00380858,16.00004076,16.00000079,16.00000072,16.00000081,16.00000213
9204301.000000,20.99965334,20.93659970,18.01917068,16.01030613,16.00004535,16.00000106,16.00000080,16.00000088,16.00000241
10519201.00000,20.99983101,20.97475963,18.65857977,16.02442240,15.99999873,15.99999753,16.00000029,16.00000008,16.00000059
11834101.00000,20.99987613,20.98954624,19.24427845,16.05212677,15.99995295,15.99999395,15.99999976,15.99999934,15.99999888
13149001.00000,20.99982051,20.99514591,19.73783478,16.10112845,15.99990833,15.99999040,15.99999919,15.99999869,15.99999731
14463901.00000,20.99978438,20.99723681,20.12587039,16.18025728,15.99986448,15.99998680,15.99999858,15.99999808,15.99999581
15778801.00000,20.99976121,20.99827060,20.41385986,16.29824896,15.99986679,15.99998566,15.99999824,15.99999795,15.99999591
17093701.00000,20.99973441,20.99872862,20.61745715,16.46176877,15.99986842,15.99998454,15.99999792,15.99999788,15.99999599
18408601.00000,20.99973066,20.99887940,20.75577543,16.67417784,15.99986959,15.99998341,15.99999761,15.99999782,15.99999607
19723501.00000,13.52434311,19.52695424,20.83142676,16.93443670,15.99987054,15.99998225,15.99999729,15.99999777,15.99999613
21038401.00000,11.43174523,16.89682133,20.80500569,17.23695296,15.99987151,15.99998105,15.99999698,15.99999774,15.99999619
22353301.00000,11.06501669,14.39341924,20.61045083,17.57232410,15.99987248,15.99997982,15.99999667,15.99999771,15.99999625
23668201.00000,11.00969192,12.69239827,20.12422474,17.92861925,15.99987413,15.99997855,15.99999636,15.99999768,15.99999630
24983101.00000,11.00146734,11.75904810,19.31007141,18.29241431,15.99987734,15.99997723,15.99999605,15.99999766,15.99999634
26298001.00000,11.00018151,11.31555511,18.21390300,18.64869427,15.99988431,15.99997587,15.99999575,15.99999764,15.99999638
27612901.00000,10.99996341,11.12454467,16.95442257,18.97782401,15.99989892,15.99997447,15.99999544,15.99999762,15.99999641
28927801.00000,10.99991987,11.04753597,15.67701378,19.26007305,15.99992746,15.99997304,15.99999514,15.99999760,15.99999645
30242701.00000,10.99991279,11.01777758,14.50629470,19.46768957,15.99998399,15.99997158,15.99999483,15.99999758,15.99999647
31557601.00000,10.99991150,11.00655742,13.51941286,19.58922102,16.00008875,15.99997008,15.99999453,15.99999756,15.99999649
32872501.00000,18.47528626,12.47401639,12.75539957,19.60661557,16.00027385,15.99996857,15.99999422,15.99999754,15.99999651
34187401.00000,20.56788382,15.10268195,12.26407484,19.56082477,16.00058922,15.99996705,15.99999392,15.99999751,15.99999652
35502301.00000,20.93461341,17.60560588,12.12915055,19.44857691,16.00110990,15.99996551,15.99999361,15.99999749,15.99999653
36817201.00000,20.98994054,19.30647499,12.32485433,19.21444733,16.00194648,15.99996397,15.99999330,15.99999747,15.99999653
38132101.00000,20.99816851,20.23978247,12.95033222,18.82480567,16.00325741,15.99996243,15.99999300,15.99999744,15.99999653
39447001.00000,20.99945659,20.68326696,13.93716371,18.30753974,16.00526458,15.99996089,15.99999269,15.99999742,15.99999653
40761901.00000,20.99967422,20.87428024,15.13185934,17.70194680,16.00827081,15.99995936,15.99999239,15.99999739,15.99999652
42076801.00000,20.99971360,20.95129473,16.37150226,17.05287034,16.01267976,15.99995783,15.99999208,15.99999736,15.99999651
43391701.00000,20.99972162,20.98106049,17.52046746,16.41071914,16.01901583,15.99995632,15.99999178,15.99999734,15.99999650
44706601.00000,20.99972392,20.99228785,18.49491456,15.82676105,16.02794263,15.99995482,15.99999148,15.99999731,15.99999648
46021501.00000,20.99972521,20.99647789,19.26390798,15.35136829,16.04027387,15.99995333,15.99999118,15.99999728,15.99999646
47336401.00000,20.99972626,20.99804109,19.83584074,15.01847741,16.05697612,15.99995185,15.99999087,15.99999724,15.99999643
48651301.00000,20.99972729,20.99862857,20.24086245,14.83901319,16.07915621,15.99995039,15.99999058,15.99999721,15.99999640
49966201.00000,20.99972826,20.99885166,20.51629007,14.81751116,16.10801966,15.99994894,15.99999028,15.99999718,15.99999637
51281101.00000,13.52435607,19.52700157,20.68321032,14.88169810,16.14479421,15.99994751,15.99998998,15.99999714,15.99999634
52596001.00000,11.43175435,16.89691652,20.70746687,15.02237500,16.19065352,15.99994609,15.99998968,15.99999711,15.99999630
53910901.00000,11.06502569,14.39351998,20.56938201,15.27356221,16.24656370,15.99994468,15.99998939,15.99999707,15.99999626
55225801.00000,11.00970194,12.69248315,20.10122556,15.68464181,16.31313149,15.99994328,15.99998909,15.99999703,15.99999622
56540701.00000,11.00147827,11.75911330,19.29709664,16.19937964,16.39050541,15.99994189,15.99998880,15.99999699,15.99999617
57855601.00000,11.00019284,11.31560663,18.20676004,16.76144236,16.47812695,15.99994050,15.99998851,15.99999695,15.99999612
59170501.00000,10.99997513,11.12458803,16.95058658,17.32317001,16.57455583,15.99993912,15.99998821,15.99999691,15.99999607
60485401.00000,10.99993192,11.04757511,15.67501276,17.84087045,16.67768439,15.99993773,15.99998792,15.99999687,15.99999602
61800301.00000,10.99992402,11.01781387,14.50529276,18.27978529,16.78512045,15.99993634,15.99998763,15.99999683,15.99999597
63115201.00000,10.99992307,11.00659208,13.51894512,18.60251660,16.89394843,15.99993495,15.99998734,15.99999679,15.99999591
64430101.00000,18.47529606,12.47402609,12.75520946,18.79906459,17.00018363,15.99993355,15.99998705,15.99999674,15.99999585
65745001.00000,20.56790285,15.10267266,12.26401685,18.85330696,17.10048771,15.99993213,15.99998676,15.99999670,15.99999579
67059901.00000,20.93463586,17.60560129,12.12914397,18.80446804,17.19233941,15.99993070,15.99998646,15.99999665,15.99999573
68374801.00000,20.98996353,19.30648821,12.32484646,18.68972168,17.27335742,15.99992925,15.99998617,15.99999661,15.99999566
69689701.00000,20.99819092,20.23981279,12.95036209,18.46900943,17.33962978,15.99992778,15.99998588,15.99999656,15.99999560
71004601.00000,20.99947834,20.68330838,13.93717617,18.07224812,17.39043062,15.99992629,15.99998559,15.99999651,15.99999553
72319501.00000,20.99969510,20.87432703,15.13185878,17.54289509,17.42678458,15.99992478,15.99998530,15.99999646,15.99999546
73634401.00000,20.99973371,20.95134340,16.37149958,16.94086660,17.44941982,15.99992324,15.99998500,15.99999642,15.99999539
74949301.00000,20.99974107,20.98110912,17.52047403,16.32947355,17.45889429,15.99992166,15.99998471,15.99999637,15.99999532
76264201.00000,20.99974294,20.99233560,18.49493790,15.76670091,17.45508704,15.99992007,15.99998441,15.99999632,15.99999525
77579101.00000,20.99974374,20.99652438,19.26395095,15.30663906,17.44719361,15.99991850,15.99998412,15.99999627,15.99999518
78894001.00000,20.99974439,20.99808622,19.83590233,14.98459662,17.43758686,15.99991705,15.99998382,15.99999622,15.99999510
80208901.00000,20.99974494,20.99867224,20.24093951,14.81352831,17.42459654,15.99991574,15.99998353,15.99999617,15.99999502
81523801.00000,20.99974553,20.99889401,20.51637861,14.79820756,17.40732796,15.99991461,15.99998323,15.99999612,15.99999495
82838701.00000,13.52437355,19.52705922,20.68330644,14.86311483,17.38563055,15.99991367,15.99998293,15.99999606,15.99999487
84153601.00000,11.43176612,16.89698560,20.70757269,15.00644117,17.36040531,15.99991298,15.99998263,15.99999601,15.99999479
85468501.00000,11.06503518,14.39358457,20.56949568,15.26792552,17.33296825,15.99991263,15.99998233,15.99999596,15.99999471
86783401.00000,11.00971075,12.69253442,20.10136389,15.68436491,17.30402976,15.99991240,15.99998203,15.99999591,15.99999463
88098301.00000,11.00148668,11.75915153,19.29725528,16.20109067,17.27449116,15.99991222,15.99998173,15.99999585,15.99999455
89413201.00000,11.00020106,11.31563592,18.20693300,16.76314652,17.24461484,15.99991213,15.99998142,15.99999580,15.99999447
90728101.00000,10.99998326,11.12461222,16.95076479,17.32433643,17.21752914,15.99991219,15.99998112,15.99999575,15.99999438
92043001.00000,10.99994055,11.04759666,15.67518624,17.84154753,17.19447082,15.99991247,15.99998081,15.99999569,15.99999430
93357901.00000,10.99993060,11.01783408,14.50545311,18.28016503,17.17544462,15.99991307,15.99998050,15.99999564,15.99999422
94672801.00000,10.99993011,11.00661152,13.51908725,18.60274447,17.16016369,15.99991411,15.99998020,15.99999558,15.99999413
95987701.00000,18.47530303,12.47403235,12.75533091,18.79922294,17.14782378,15.99991575,15.99997989,15.99999553,15.99999405
97302601.00000,20.56791463,15.10266913,12.26411497,18.85343384,17.13899296,15.99991821,15.99997957,15.99999547,15.99999396
98617501.00000,20.93464930,17.60560105,12.12921892,18.80459588,17.13190745,15.99992176,15.99997926,15.99999541,15.99999388
99932401.00000,20.98997722,19.30649850,12.32490392,18.68985176,17.12514966,15.99992679,15.99997895,15.99999536,15.99999379
101247301.0000,20.99820442,20.23983338,12.95039115,18.46915420,17.11777290,15.99993389,15.99997863,15.99999530,15.99999370
102562201.0000,20.99949165,20.68333590,13.93718408,18.07240121,17.10903341,15.99994376,15.99997831,15.99999525,15.99999362
103877101.0000,20.99970819,20.87435840,15.13185434,17.54306088,17.09828178,15.99995734,15.99997800,15.99999519,15.99999353
105192001.0000,20.99974657,20.95137658,16.37149239,16.94103958,17.08489029,15.99997582,15.99997768,15.99999513,15.99999344
106506901.0000,20.99975374,20.98114311,17.52047227,16.32964648,17.06827397,16.00000058,15.99997736,15.99999507,15.99999335
107821801.0000,20.99975550,20.99236985,18.49494677,15.76686809,17.04807176,16.00003335,15.99997703,15.99999502,15.99999327
109136701.0000,20.99975619,20.99655860,19.26397265,15.30679272,17.02421741,16.00007624,15.99997671,15.99999496,15.99999318
110451601.0000,20.99975676,20.99812022,19.83593659,14.98473320,16.99687730,16.00013183,15.99997638,15.99999490,15.99999309
111766501.0000,20.99975722,20.99870609,20.24098465,14.81364126,16.96676302,16.00020328,15.99997606,15.99999484,15.99999300
113081401.0000,20.99975774,20.99892784,20.51643232,14.79829543,16.93540395,16.00029444,15.99997573,15.99999478,15.99999291
114396301.0000,13.52438542,19.52710262,20.68336662,14.86319458,16.90431032,16.00040995,15.99997540,15.99999473,15.99999282
115711201.0000,11.43177432,16.89703577,20.70764018,15.00650399,16.87475813,16.00055532,15.99997507,15.99999467,15.99999273
117026101.0000,11.06504201,14.39363150,20.56956985,15.26794684,16.84945705,16.00073709,15.99997474,15.99999461,15.99999264
118341001.0000,11.00971721,12.69257262,20.10145394,15.68435667,16.83008130,16.00096297,15.99997440,15.99999455,15.99999255
119655901.0000,11.00149298,11.75918135,19.29735960,16.20106496,16.81658413,16.00124191,15.99997407,15.99999449,15.99999246
120970801.0000,11.00020728,11.31566004,18.20704818,16.76311421,16.80905989,16.00158429,15.99997373,15.99999443,15.99999238
122285701.0000,10.99998953,11.12463316,16.95088499,17.32430464,16.80767153,16.00200203,15.99997339,15.99999437,15.99999229
123600601.0000,10.99994743,11.04761602,15.67530473,17.84152197,16.81041402,16.00250871,15.99997305,15.99999431,15.99999220
124915501.0000,10.99993685,11.01785273,14.50556405,18.28015174,16.81386875,16.00311967,15.99997271,15.99999425,15.99999211
126230401.0000,10.99993599,11.00662978,13.51918693,18.60274669,16.81896869,16.00385213,15.99997237,15.99999419,15.99999202
127545301.0000,18.47530985,12.47404259,12.75541745,18.79924314,16.82622138,16.00472524,15.99997202,15.99999413,15.99999193
128860201.0000,20.56792484,15.10267415,12.26418637,18.85347241,16.83548522,16.00576009,15.99997168,15.99999407,15.99999184
130175101.0000,20.93466066,17.60560962,12.12927476,18.80464074,16.84635281,16.00697975,15.99997133,15.99999401,15.99999175
131490001.0000,20.98998877,19.30651521,12.32494827,18.68991092,16.85846260,16.00840919,15.99997099,15.99999395,15.99999166
132804901.0000,20.99821593,20.23985773,12.95041510,18.46923576,16.86951882,16.01007521,15.99997064,15.99999389,15.99999157
134119801.0000,20.99950313,20.68336536,13.93719346,18.07250999,16.87833722,16.01200630,15.99997029,15.99999382,15.99999148
135434701.0000,20.99971970,20.87439071,15.13185568,17.54319007,16.88451749,16.01423248,15.99996993,15.99999376,15.99999139
136749601.0000,20.99975806,20.95141027,16.37149268,16.94118074,16.88711488,16.01678504,15.99996958,15.99999370,15.99999130
138064501.0000,20.99976520,20.98117742,17.52047744,16.32979098,16.88660333,16.01969623,15.99996923,15.99999364,15.99999121
139379401.0000,20.99976692,20.99240440,18.49496059,15.76700894,16.88476144,16.02299917,15.99996887,15.99999357,15.99999112
140694301.0000,20.99976760,20.99659324,19.26399668,15.30692218,16.88072643,16.02672746,15.99996852,15.99999351,15.99999103
142009201.0000,20.99976814,20.99815488,19.83597059,14.98484828,16.87340520,16.03091459,15.99996816,15.99999345,15.99999094
143324101.0000,20.99976858,20.99874082,20.24102732,14.81373746,16.86220820,16.03559351,15.99996780,15.99999338,15.99999085
144639001.0000,20.99976907,20.99896265,20.51648192,14.79837214,16.84774308,16.04079600,15.99996744,15.99999332,15.99999076
145953901.0000,13.52439563,19.52714402,20.68342156,14.86326484,16.83099051,16.04655212,15.99996708,15.99999326,15.99999067
147268801.0000,11.43178160,16.89708114,20.70770082,15.00656136,16.81306912,16.05288964,15.99996672,15.99999319,15.99999058
148583701.0000,11.06504823,14.39367335,20.56963621,15.26797664,16.79732849,16.05983342,15.99996636,15.99999313,15.99999049
149898601.0000,11.00972313,12.69260712,20.10153183,15.68436567,16.78532217,16.06740499,15.99996600,15.99999306,15.99999040
151213501.0000,11.00149879,11.75920908,19.29744830,16.20106079,16.77761127,16.07562202,15.99996563,15.99999300,15.99999031
152528401.0000,11.00021298,11.31568321,18.20714529,16.76310411,16.77486196,16.08449796,15.99996527,15.99999293,15.99999022
153843301.0000,10.99999528,11.12465378,16.95098602,17.32429431,16.77615373,16.09404173,15.99996490,15.99999286,15.99999013
155158201.0000,10.99995396,11.04763536,15.67540438,17.84151635,16.77847871,16.10425747,15.99996454,15.99999280,15.99999005
156473101.0000,10.99994301,11.01787148,14.50565770,18.28015594,16.78264294,16.11514436,15.99996417,15.99999273,15.99998996
157788001.0000,10.99994165,11.00664821,13.51927162,18.60276350,16.78930271,16.12669655,15.99996380,15.99999266,15.99998987
159102901.0000,18.47531698,12.47405526,12.75549166,18.79927458,16.79872664,16.13890321,15.99996343,15.99999260,15.99998978
160417801.0000,20.56793469,15.10268360,12.26424852,18.85351887,16.81090147,16.15174858,15.99996306,15.99999253,15.99998969
161732701.0000,20.93467139,17.60562269,12.12932438,18.80469270,16.82620046,16.16521222,15.99996268,15.99999246,15.99998960
163047601.0000,20.98999963,19.30653527,12.32498889,18.68997482,16.84350921,16.17926925,15.99996231,15.99999239,15.99998951
164362501.0000,20.99822674,20.23988412,12.95043884,18.46931830,16.85923607,16.19389080,15.99996193,15.99999232,15.99998942
165677401.0000,20.99951394,20.68339590,13.93720553,18.07261481,16.87156968,16.20904344,15.99996154,15.99999225,15.99998934
166992301.0000,20.99973059,20.87442351,15.13186155,17.54331145,16.87978279,16.22468881,15.99996116,15.99999218,15.99998925
168307201.0000,20.99976899,20.95144411,16.37149815,16.94131164,16.88310985,16.24078429,15.99996076,15.99999212,15.99998916
169622101.0000,20.99977612,20.98121169,17.52048737,16.32992416,16.88192009,16.25728389,15.99996036,15.99999205,15.99998907
170937001.0000,20.99977783,20.99243880,18.49497807,15.76713851,16.87974147,16.27413900,15.99995995,15.99999197,15.99998898
172251901.0000,20.99977848,20.99662767,19.26402295,15.30704159,16.87574965,16.29129919,15.99995953,15.99999190,15.99998890
173566801.0000,20.99977900,20.99818931,19.83600540,14.98495507,16.86929353,16.30871283,15.99995912,15.99999183,15.99998881
174881701.0000,20.99977942,20.99877529,20.24106954,14.81382786,16.86008523,16.32632780,15.99995872,15.99999176,15.99998872
176196601.0000,20.99977989,20.99899718,20.51653004,14.79844578,16.84796857,16.34409213,15.99995832,15.99999169,15.99998863
177511501.0000,13.52440497,19.52718372,20.68347427,14.86333309,16.83275216,16.36195470,15.99995793,15.99999162,15.99998854
178826401.0000,11.43178836,16.89712348,20.70775826,15.00661868,16.81555772,16.37986565,15.99995754,15.99999155,15.99998846
180141301.0000,11.06505406,14.39371209,20.56969871,15.26801047,16.79996639,16.39777667,15.99995716,15.99999147,15.99998837
181456201.0000,11.00972870,12.69263924,20.10160367,15.68438174,16.78778345,16.41564131,15.99995680,15.99999140,15.99998828
182771101.0000,11.00150423,11.75923522,19.29752912,16.20106565,16.77973047,16.43341508,15.99995644,15.99999133,15.99998819
184086001.0000,11.00021834,11.31570534,18.20723311,16.76310399,16.77656521,16.45105524,15.99995609,15.99999125,15.99998811
185400901.0000,11.00000070,11.12467366,16.95107704,17.32429408,16.77770671,16.46852062,15.99995576,15.99999118,15.99998802
186715801.0000,10.99995980,11.04765410,15.67549404,17.84152028,16.77987665,16.48577303,15.99995544,15.99999110,15.99998793
188030701.0000,10.99994882,11.01788967,14.50574203,18.28016839,16.78388814,16.50277719,15.99995514,15.99999103,15.99998784
189345601.0000,10.99994705,11.00666610,13.51934809,18.60278690,16.79039352,16.51950005,15.99995486,15.99999095,15.99998776
190660501.0000,18.47532399,12.47406846,12.75555895,18.79931069,16.79966695,16.53591172,15.99995459,15.99999087,15.99998767
191975401.0000,20.56794408,15.10269446,12.26430527,18.85356810,16.81198140,16.55198550,15.99995434,15.99999080,15.99998758
193290301.0000,20.93468151,17.60563706,12.12937016,18.80474685,16.82735311,16.56769240,15.99995410,15.99999072,15.99998749
194605201.0000,20.99000984,19.30655591,12.32502691,18.69003949,16.84465350,16.58300055,15.99995386,15.99999064,15.99998740
195920101.0000,20.99823690,20.23991034,12.95046190,18.46939943,16.86030644,16.59788360,15.99995362,15.99999056,15.99998732
197235001.0000,20.99952411,20.68342574,13.93721842,18.07271550,16.87252173,16.61231719,15.99995340,15.99999049,15.99998723
198549901.0000,20.99974084,20.87445528,15.13186915,17.54342653,16.88058986,16.62628232,15.99995321,15.99999041,15.99998714
199864801.0000,20.99977931,20.95147676,16.37150559,16.94143486,16.88376817,16.63976502,15.99995304,15.99999033,15.99998705
201179701.0000,20.99978644,20.98124465,17.52049893,16.33004906,16.88255991,16.65275573,15.99995291,15.99999025,15.99998697
202494601.0000,20.99978812,20.99247182,18.49499646,15.76725983,16.88034977,16.66524880,15.99995281,15.99999017,15.99998688
203809501.0000,20.99978875,20.99666069,19.26404924,15.30715348,16.87632075,16.67724184,15.99995276,15.99999009,15.99998679
205124401.0000,20.99978924,20.99822234,19.83603934,14.98505538,16.86981857,16.68873543,15.99995276,15.99999000,15.99998670
206439301.0000,20.99978964,20.99880833,20.24111011,14.81391326,16.86055893,16.69973263,15.99995283,15.99998992,15.99998662
207754201.0000,20.99979008,20.99903025,20.51657589,14.79851600,16.84836009,16.71023867,15.99995292,15.99998984,15.99998653
209069101.0000,13.52441361,19.52722122,20.68352422,14.86339853,16.83307798,16.72026056,15.99995304,15.99998976,15.99998644
210384001.0000,11.43179464,16.89716302,20.70781239,15.00667430,16.81583244,16.72980678,15.99995320,15.99998967,15.99998635
211698901.0000,11.06505952,14.39374815,20.56975745,15.26804487,16.80020188,16.73888701,15.99995340,15.99998959,15.99998627
213013801.0000,11.00973392,12.69266919,20.10167055,15.68440011,16.78798515,16.74751214,15.99995365,15.99998950,15.99998618
214328701.0000,11.00150934,11.75925972,19.29760393,16.20107391,16.77990419,16.75569376,15.99995396,15.99998942,15.99998609
215643601.0000,11.00022335,11.31572621,18.20731414,16.76310777,16.77672049,16.76344390,15.99995432,15.99998933,15.99998600
216958501.0000,11.00000574,11.12469247,16.95116086,17.32429780,16.77787223,16.77077521,15.99995476,15.99998925,15.99998591
218273401.0000,10.99996491,11.04767186,15.67557657,17.84152776,16.78004561,16.77770239,15.99995527,15.99998916,15.99998583
219588301.0000,10.99995421,11.01790689,14.50581968,18.28018357,16.78405639,16.78423941,15.99995587,15.99998907,15.99998574
220903201.0000,10.99995226,11.00668304,13.51941856,18.60281199,16.79055681,16.79039968,15.99995657,15.99998898,15.99998565
222218101.0000,18.47533068,12.47408128,12.75562107,18.79934728,16.79982271,16.79619573,15.99995738,15.99998890,15.99998556
223533001.0000,20.56795291,15.10270536,12.26435782,18.85361660,16.81208625,16.80162009,15.99995832,15.99998881,15.99998548
224847901.0000,20.93469099,17.60565128,12.12941272,18.80479987,16.82741896,16.80669049,15.99995940,15.99998872,15.99998539
226162801.0000,20.99001939,19.30657591,12.32506246,18.69010211,16.84469524,16.81142369,15.99996066,15.99998863,15.99998530
227477701.0000,20.99824640,20.23993541,12.95048376,18.46947706,16.86033750,16.81583552,15.99996210,15.99998853,15.99998521
228792601.0000,20.99953362,20.68345410,13.93723103,18.07281091,16.87255167,16.81994104,15.99996375,15.99998844,15.99998512
230107501.0000,20.99975043,20.87448537,15.13187700,17.54353500,16.88062479,16.82375538,15.99996562,15.99998835,15.99998503
231422401.0000,20.99978897,20.95150763,16.37151336,16.94155064,16.88381145,16.82729339,15.99996773,15.99998826,15.99998495
232737301.0000,20.99979610,20.98127578,17.52051052,16.33016621,16.88260766,16.83055397,15.99997010,15.99998816,15.99998486
234052201.0000,20.99979776,20.99250300,18.49501436,15.76737356,16.88040185,16.83353935,15.99997276,15.99998807,15.99998477
235367101.0000,20.99979837,20.99669185,19.26407440,15.30725840,16.87637695,16.83626986,15.99997573,15.99998797,15.99998468
236682001.0000,20.99979883,20.99825348,19.83607154,14.98514953,16.86987884,16.83876407,15.99997903,15.99998788,15.99998459
237996901.0000,20.99979920,20.99883948,20.24114840,14.81399359,16.86062305,16.84103903,15.99998269,15.99998778,15.99998450
239311801.0000,20.99979961,20.99906143,20.51661904,14.79858229,16.84841820,16.84311037,15.99998675,15.99998768,15.99998441
240626701.0000,13.52442164,19.52725641,20.68357114,14.86346042,16.83313224,16.84499305,15.99999124,15.99998758,15.99998433
241941601.0000,11.43180050,16.89719998,20.70786313,15.00672712,16.81588518,16.84670058,15.99999618,15.99998748,15.99998424
243256501.0000,11.06506462,14.39378180,20.56981245,15.26807808,16.80025506,16.84824523,16.00000162,15.99998739,15.99998415
244571401.0000,11.00973880,12.69269717,20.10173296,15.68441850,16.78804060,16.84963811,16.00000759,15.99998728,15.99998406
245886301.0000,11.00151411,11.75928265,19.29767359,16.20108295,16.77996262,16.85088935,16.00001413,15.99998718,15.99998397
247201201.0000,11.00022808,11.31574578,18.20738951,16.76311269,16.77678133,16.85200802,16.00002130,15.99998708,15.99998388
248516101.0000,11.00001042,11.12471014,16.95123879,17.32430265,16.77793339,16.85300218,16.00002912,15.99998698,15.99998379
249831001.0000,10.99996971,11.04768855,15.67565330,17.84153609,16.78010711,16.85387927,16.00003767,15.99998687,15.99998370
251145901.0000,10.99995949,11.01792309,14.50589189,18.28019902,16.78411814,16.85464617,16.00004698,15.99998677,15.99998361
252460801.0000,10.99995744,11.00669897,13.51948412,18.60283659,16.79061879,16.85530932,16.00005712,15.99998666,15.99998352
253775701.0000,18.47533699,12.47409344,12.75567891,18.79938252,16.79988495,16.85587475,16.00006814,15.99998656,15.99998343
255090601.0000,20.56796118,15.10271581,12.26440680,18.85366289,16.81214912,16.85634818,16.00008011,15.99998645,15.99998334
256405501.0000,20.93469985,17.60566485,12.12945244,18.80485036,16.82748192,16.85673504,16.00009309,15.99998634,15.99998325
257720401.0000,20.99002830,19.30659484,12.32509570,18.69016152,16.84475832,16.85704051,16.00010715,15.99998624,15.99998316
259035301.0000,20.99825527,20.23995905,12.95050425,18.46955041,16.86040105,16.85726961,16.00012237,15.99998613,15.99998307
260350201.0000,20.99954249,20.68348078,13.93724295,18.07290078,16.87261613,16.85742693,16.00013882,15.99998602,15.99998298
261665101.0000,20.99975939,20.87451365,15.13188450,17.54363697,16.88069050,16.85751700,16.00015659,15.99998590,15.99998289
262980001.0000,20.99979799,20.95153661,16.37152082,16.94165936,16.88387843,16.85754426,16.00017575,15.99998579,15.99998280
264294901.0000,20.99980514,20.98130502,17.52052155,16.33027617,16.88267448,16.85751309,16.00019641,15.99998568,15.99998271
265609801.0000,20.99980678,20.99253226,18.49503126,15.76748028,16.88046895,16.85742779,16.00021865,15.99998557,15.99998262
266924701.0000,20.99980737,20.99672110,19.26409806,15.30735685,16.87644464,16.85729259,16.00024258,15.99998545,15.99998253
268239601.0000,20.99980780,20.99828272,19.83610176,14.98523790,16.86994751,16.85711162,16.00026830,15.99998534,15.99998244
269554501.0000,20.99980815,20.99886872,20.24118429,14.81406902,16.86069289,16.85688886,16.00029592,15.99998522,15.99998235
270869401.0000,20.99980854,20.99909070,20.51665946,14.79864460,16.84849157,16.85663617,16.00032555,15.99998510,15.99998226
272184301.0000,13.52442914,19.52728940,20.68361507,14.86351864,16.83320833,16.85636186,16.00035731,15.99998499,15.99998217
273499201.0000,11.43180598,16.89723459,20.70791062,15.00677687,16.81596270,16.85606580,16.00039132,15.99998487,15.99998208
274814101.0000,11.06506938,14.39381329,20.56986394,15.26810948,16.80033284,16.85574811,16.00042771,15.99998475,15.99998198
276129001.0000,11.00974335,12.69272337,20.10179132,15.68443605,16.78811799,16.85540915,16.00046661,15.99998463,15.99998189
277443901.0000,11.00151857,11.75930414,19.29773873,16.20109176,16.78003906,16.85504935,16.00050817,15.99998450,15.99998180
278758801.0000,11.00023248,11.31576413,18.20745998,16.76311763,16.77685611,16.85466910,16.00055252,15.99998438,15.99998171
280073701.0000,11.00001481,11.12472672,16.95131167,17.32430754,16.77800796,16.85426849,16.00059983,15.99998426,15.99998162
281388601.0000,10.99997423,11.04770421,15.67572505,17.84154423,16.78018108,16.85387287,16.00065025,15.99998413,15.99998153
282703501.0000,10.99996441,11.01793829,14.50595943,18.28021380,16.78419122,16.85348186,16.00070393,15.99998401,15.99998143
284018401.0000,10.99996228,11.00671391,13.51954547,18.60285994,16.79069070,16.85309406,16.00076105,15.99998388,15.99998134
285333301.0000,18.47534290,12.47410487,12.75573303,18.79941583,16.79995559,16.85270828,16.00082179,15.99998375,15.99998125
286648201.0000,20.56796892,15.10272565,12.26445264,18.85370654,16.81221895,16.85232345,16.00088633,15.99998362,15.99998116
287963101.0000,20.93470813,17.60567762,12.12948962,18.80489796,16.82755075,16.85193864,16.00095485,15.99998349,15.99998106
289278001.0000,20.99003665,19.30661263,12.32512682,18.69021748,16.84482630,16.85155309,16.00102756,15.99998336,15.99998097
290592901.0000,20.99826358,20.23998125,12.95052342,18.46961944,16.86046856,16.85116699,16.00110465,15.99998323,15.99998088
291907801.0000,20.99955080,20.68350582,13.93725407,18.07298529,16.87268343,16.85078197,16.00118634,15.99998310,15.99998079
293222701.0000,20.99976777,20.87454019,15.13189148,17.54373283,16.88075789,16.85039729,16.00127284,15.99998296,15.99998069
294537601.0000,20.99980644,20.95156382,16.37152775,16.94176155,16.88394629,16.85001240,16.00136438,15.99998282,15.99998060
295852501.0000,20.99981360,20.98133245,17.52053184,16.33037951,16.88274266,16.84962598,16.00146119,15.99998269,15.99998051
297167401.0000,20.99981523,20.99255972,18.49504705,15.76758057,16.88053758,16.84923760,16.00156351,15.99998255,15.99998041
298482301.0000,20.99981579,20.99674854,19.26412020,15.30744937,16.87651387,16.84884710,16.00167159,15.99998241,15.99998032
299797201.0000,20.99981621,20.99831016,19.83613005,14.98532094,16.87001751,16.84845450,16.00178568,15.99998227,15.99998023
301112101.0000,20.99981653,20.99889616,20.24121791,14.81413991,16.86076367,16.84805994,16.00190605,15.99998213,15.99998013
302427001.0000,20.99981690,20.99911817,20.51669732,14.79870315,16.84856349,16.84766238,16.00203296,15.99998199,15.99998004
303741901.0000,13.52443617,19.52732037,20.68365624,14.86357334,16.83328127,16.84726173,16.00216670,15.99998184,15.99997994
305056801.0000,11.43181111,16.89726707,20.70795513,15.00682362,16.81603607,16.84685846,16.00230756,15.99998170,15.99997985
306371701.0000,11.06507384,14.39384286,20.56991222,15.26813898,16.80040603,16.84645317,16.00245583,15.99998155,15.99997976
307686601.0000,11.00974762,12.69274796,20.10184605,15.68445250,16.78819068,16.84604644,16.00261182,15.99998140,15.99997966
309001501.0000,11.00152275,11.75932431,19.29779983,16.20109999,16.78011091,16.84563889,16.00277583,15.99998125,15.99997957
310316401.0000,11.00023662,11.31578136,18.20752610,16.76312222,16.77692665,16.84523105,16.00294820,15.99998110,15.99997947
311631301.0000,11.00001895,11.12474228,16.95138008,17.32431207,16.77807865,16.84482347,16.00312925,15.99998095,15.99997938
312946201.0000,10.99997844,11.04771892,15.67579243,17.84155182,16.78025146,16.84441664,16.00331932,15.99998080,15.99997928
314261101.0000,10.99996899,11.01795257,14.50602286,18.28022764,16.78426097,16.84401097,16.00351876,15.99998064,15.99997919
315576001.0000,10.99996683,11.00672794,13.51960308,18.60288185,16.79075948,16.84360679,16.00372792,15.99998049,15.99997909
316890901.0000,18.47534844,12.47411559,12.75578387,18.79944711,16.80002325,16.84320440,16.00394718,15.99998033,15.99997900
318205801.0000,20.56797618,15.10273487,12.26449569,18.85374755,16.81228488,16.84280410,16.00417690,15.99998017,15.99997890
319520701.0000,20.93471591,17.60568960,12.12952453,18.80494270,16.82761508,16.84240622,16.00441747,15.99998001,15.99997880
320835601.0000,20.99004448,19.30662933,12.32515601,18.69027009,16.84488949,16.84201107,16.00466927,15.99997985,15.99997871
322150501.0000,20.99827137,20.24000209,12.95054135,18.46968438,16.86053123,16.84161896,16.00493272,15.99997969,15.99997861
323465401.0000,20.99955859,20.68352934,13.93726442,18.07306483,16.87274597,16.84123014,16.00520821,15.99997952,15.99997852
324780301.0000,20.99977563,20.87456512,15.13189793,17.54382307,16.88082071,16.84084492,16.00549617,15.99997936,15.99997842
326095201.0000,20.99981438,20.95158938,16.37153415,16.94185776,16.88400978,16.84046364,16.00579701,15.99997919,15.99997832
327410101.0000,20.99982154,20.98135822,17.52054138,16.33047682,16.88280658,16.84008669,16.00611118,15.99997902,15.99997823
328725001.0000,20.99982316,20.99258552,18.49506177,15.76767499,16.88060205,16.83971450,16.00643911,15.99997885,15.99997813
330039901.0000,20.99982371,20.99677432,19.26414091,15.30753648,16.87657901,16.83934754,16.00678125,15.99997868,15.99997803
331354801.0000,20.99982410,20.99833594,19.83615655,14.98539911,16.87008346,16.83898626,16.00713807,15.99997851,15.99997794
332669701.0000,20.99982441,20.99892195,20.24124943,14.81420662,16.86083044,16.83863111,16.00751001,15.99997834,15.99997784
333984601.0000,20.99982475,20.99914398,20.51673285,14.79875823,16.84863107,16.83828251,16.00789756,15.99997816,15.99997774
335299501.0000,13.52444278,19.52734949,20.68369488,14.86362479,16.83334963,16.83794086,16.00830120,15.99997799,15.99997765
336614401.0000,11.43181593,16.89729763,20.70799693,15.00686756,16.81610476,16.83760655,16.00872142,15.99997781,15.99997755
337929301.0000,11.06507803,14.39387069,20.56995756,15.26816665,16.80047454,16.83727995,16.00915870,15.99997763,15.99997745
339244201.0000,11.00975163,12.69277110,20.10189749,15.68446787,16.78825877,16.83696138,16.00961355,15.99997745,15.99997735
340559101.0000,11.00152667,11.75934329,19.29785729,16.20110759,16.78017830,16.83665108,16.01008647,15.99997726,15.99997726
341874001.0000,11.00024050,11.31579757,18.20758832,16.76312638,16.77699290,16.83634919,16.01057799,15.99997708,15.99997716
343188901.0000,11.00002287,11.12475692,16.95144446,17.32431617,16.77814506,16.83605577,16.01108860,15.99997689,15.99997706
344503801.0000,10.99998238,11.04773276,15.67585586,17.84155880,16.78031761,16.83577080,16.01161884,15.99997671,15.99997696
345818701.0000,10.99997335,11.01796600,14.50608259,18.28024052,16.78432655,16.83549412,16.01216923,15.99997652,15.99997686
347133601.0000,10.99997103,11.00674118,13.51965733,18.60290233,16.79082417,16.83522554,16.01274029,15.99997633,15.99997677
348448501.0000,18.47535364,12.47412569,12.75583173,18.79947644,16.80008690,16.83496485,16.01333256,15.99997614,15.99997667
349763401.0000,20.56798300,15.10274354,12.26453623,18.85378608,16.81234691,16.83471181,16.01394657,15.99997594,15.99997657
351078301.0000,20.93472322,17.60570084,12.12955738,18.80498475,16.82767560,16.83446617,16.01458284,15.99997575,15.99997647
352393201.0000,20.99005184,19.30664502,12.32518348,18.69031959,16.84494894,16.83422765,16.01524191,15.99997555,15.99997637
353708101.0000,20.99827869,20.24002169,12.95055818,18.46974552,16.86059018,16.83399597,16.01592431,15.99997535,15.99997627
355023001.0000,20.99956592,20.68355146,13.93727408,18.07313977,16.87280483,16.83377073,16.01663058,15.99997516,15.99997618
356337901.0000,20.99978302,20.87458858,15.13190389,17.54390813,16.88087985,16.83355186,16.01736123,15.99997495,15.99997608
357652801.0000,20.99982183,20.95161343,16.37154005,16.94194848,16.88406956,16.83333944,16.01811679,15.99997475,15.99997598
358967701.0000,20.99982902,20.98138247,17.52055024,16.33056857,16.88286676,16.83313358,16.01889779,15.99997455,15.99997588
360282601.0000,20.99983062,20.99260981,18.49507553,15.76776404,16.88066275,16.83293435,16.01970475,15.99997434,15.99997578
361597501.0000,20.99983115,20.99679857,19.26416030,15.30761862,16.87664034,16.83274168,16.02053818,15.99997414,15.99997568
362912401.0000,20.99983153,20.99836019,19.83618142,14.98547281,16.87014555,16.83255542,16.02139859,15.99997393,15.99997558
364227301.0000,20.99983182,20.99894621,20.24127904,14.81426950,16.86089331,16.83237544,16.02228648,15.99997372,15.99997548
365542201.0000,20.99983214,20.99916828,20.51676623,14.79881012,16.84869475,16.83220167,16.02320235,15.99997351,15.99997538
366857101.0000,13.52444900,19.52737692,20.68373122,14.86367325,16.83341407,16.83203409,16.02414669,15.99997329,15.99997528
368172001.0000,11.43182047,16.89732644,20.70803625,15.00690892,16.81616952,16.83187267,16.02511998,15.99997308,15.99997518
369486901.0000,11.06508198,14.39389692,20.57000024,15.26819262,16.80053913,16.83171734,16.02612268,15.99997286,15.99997508
370801801.0000,11.00975541,12.69279292,20.10194592,15.68448220,16.78832297,16.83156802,16.02715526,15.99997265,15.99997498
372116701.0000,11.00153036,11.75936117,19.29791142,16.20111458,16.78024183,16.83142458,16.02821817,15.99997243,15.99997488
373431601.0000,11.00024415,11.31581283,18.20764696,16.76313012,16.77705535,16.83128685,16.02931185,15.99997221,15.99997478
374746501.0000,11.00002656,11.12477071,16.95150518,17.32431985,16.77820765,16.83115470,16.03043672,15.99997198,15.99997469
376061401.0000,10.99998616,11.04774579,15.67591568,17.84156520,16.78037994,16.83102797,16.03159319,15.99997176,15.99997459
377376301.0000,10.99997756,11.01797866,14.50613892,18.28025250,16.78438832,16.83090647,16.03278167,15.99997154,15.99997449
378691201.0000,10.99997510,11.00675365,13.51970851,18.60292150,16.79088510,16.83078995,16.03400253,15.99997131,15.99997439
380006101.0000,18.47535854,12.47413519,12.75587688,18.79950398,16.80014685,16.83067819,16.03525615,15.99997108,15.99997429
381321001.0000,20.56798942,15.10275167,12.26457445,18.85382232,16.81240536,16.83057097,16.03654288,15.99997086,15.99997418
382635901.0000,20.93473010,17.60571140,12.12958834,18.80502432,16.82773264,16.83046807,16.03786306,15.99997063,15.99997408
383950801.0000,20.99005877,19.30665978,12.32520934,18.69036620,16.84500498,16.83036927,16.03921700,15.99997039,15.99997398
385265701.0000,20.99828559,20.24004014,12.95057397,18.46980316,16.86064575,16.83027436,16.04060500,15.99997016,15.99997388
386580601.0000,20.99957282,20.68357230,13.93728309,18.07321047,16.87286031,16.83018310,16.04202735,15.99996992,15.99997378
387895501.0000,20.99978999,20.87461068,15.13190940,17.54398841,16.88093559,16.83009528,16.04348432,15.99996969,15.99997368
389210401.0000,20.99982886,20.95163609,16.37154549,16.94203413,16.88412591,16.83001070,16.04497613,15.99996945,15.99997358
390525301.0000,20.99983606,20.98140533,17.52055849,16.33065521,16.88292348,16.82992919,16.04650302,15.99996921,15.99997348
391840201.0000,20.99983766,20.99263270,18.49508839,15.76784813,16.88071995,16.82985074,16.04806519,15.99996897,15.99997338
393155101.0000,20.99983817,20.99682144,19.26417850,15.30769618,16.87669812,16.82977521,16.04966281,15.99996872,15.99997328
394470001.0000,20.99983853,20.99838305,19.83620479,14.98554239,16.87020406,16.82970239,16.05129605,15.99996848,15.99997318
395784901.0000,20.99983880,20.99896908,20.24130689,14.81432884,16.86095254,16.82963211,16.05296504,15.99996823,15.99997308
397099801.0000,20.99983911,20.99919118,20.51679767,14.79885905,16.84875478,16.82956431,16.05466990,15.99996799,15.99997298
398414701.0000,13.52445487,19.52740279,20.68376544,14.86371894,16.83347483,16.82949915,16.05641072,15.99996774,15.99997288
399729601.0000,11.43182475,16.89735363,20.70807329,15.00694790,16.81623059,16.82943703,16.05818757,15.99996749,15.99997278
401044501.0000,11.06508570,14.39392169,20.57004046,15.26821704,16.80060005,16.82937779,16.06000049,15.99996724,15.99997268
402359401.0000,11.00975897,12.69281352,20.10199160,15.68449560,16.78838352,16.82932130,16.06184950,15.99996698,15.99997258
403674301.0000,11.00153384,11.75937805,19.29796250,16.20112103,16.78030174,16.82926743,16.06373461,15.99996673,15.99997248
404989201.0000,11.00024759,11.31582724,18.20770233,16.76313349,16.77711423,16.82921604,16.06565579,15.99996647,15.99997238
406304101.0000,11.00002997,11.12478372,16.95156251,17.32432315,16.77826665,16.82916701,16.06761298,15.99996622,15.99997228
407619001.0000,10.99998962,11.04775807,15.67597219,17.84157107,16.78043869,16.82912021,16.06960611,15.99996596,15.99997218
408933901.0000,10.99998137,11.01799058,14.50619214,18.28026365,16.78444655,16.82907551,16.07163510,15.99996570,15.99997208
410248801.0000,10.99997898,11.00676540,13.51975685,18.60293946,16.79094253,16.82903276,16.07369981,15.99996545,15.99997197
411563701.0000,18.47536316,12.47414413,12.75591952,18.79952987,16.80020335,16.82899183,16.07580010,15.99996520,15.99997187
412878601.0000,20.56799548,15.10275931,12.26461054,18.85385644,16.81246045,16.82895260,16.07793580,15.99996495,15.99997177
414193501.0000,20.93473659,17.60572133,12.12961756,18.80506159,16.82778640,16.82891494,16.08010673,15.99996470,15.99997167
415508401.0000,20.99006532,19.30667369,12.32523374,18.69041016,16.84505779,16.82887875,16.08231266,15.99996446,15.99997157
416823301.0000,20.99829210,20.24005754,12.95058884,18.46985755,16.86069813,16.82884392,16.08455336,15.99996421,15.99997147
418138201.0000,20.99957932,20.68359196,13.93729153,18.07327725,16.87291260,16.82881036,16.08682857,15.99996398,15.99997137
419453101.0000,20.99979655,20.87463154,15.13191452,17.54406427,16.88098812,16.82877801,16.08913799,15.99996374,15.99997127
420768001.0000,20.99983549,20.95165749,16.37155054,16.94211507,16.88417902,16.82874681,16.09148134,15.99996351,15.99997117
422082901.0000,20.99984270,20.98142691,17.52056618,16.33073711,16.88297694,16.82871670,16.09385828,15.99996328,15.99997107
423397801.0000,20.99984429,20.99265430,18.49510045,15.76792763,16.88077386,16.82868762,16.09626845,15.99996306,15.99997097
424712701.0000,20.99984479,20.99684301,19.26419561,15.30776949,16.87675260,16.82865965,16.09871150,15.99996284,15.99997087
426027601.0000,20.99984514,20.99840461,19.83622680,14.98560815,16.87025921,16.82863282,16.10118703,15.99996263,15.99997077
427342501.0000,20.99984539,20.99899066,20.24133314,14.81438490,16.86100840,16.82860719,16.10369463,15.99996242,15.99997067
428657401.0000,20.99984568,20.99921280,20.51682731,14.79890527,16.84881138,16.82858281,16.10623387,15.99996222,15.99997057
429972301.0000,13.52446042,19.52742723,20.68379773,14.86376209,16.83353213,16.82855957,16.10880431,15.99996201,15.99997047
431287201.0000,11.43182879,16.89737932,20.70810825,15.00698468,16.81628819,16.82853746,16.11140547,15.99996181,15.99997037
432602101.0000,11.06508921,14.39394510,20.57007843,15.26824002,16.80065750,16.82851609,16.11403687,15.99996160,15.99997027
433917001.0000,11.00976233,12.69283298,20.10203473,15.68450816,16.78844062,16.82849555,16.11669800,15.99996140,15.99997018
435231901.0000,11.00153712,11.75939400,19.29801076,16.20112699,16.78035825,16.82847592,16.11938836,15.99996120,15.99997008
436546801.0000,11.00025085,11.31584085,18.20775466,16.76313653,16.77716976,16.82845724,16.12210741,15.99996100,15.99996998
437861701.0000,11.00003318,11.12479600,16.95161671,17.32432613,16.77832230,16.82843955,16.12485459,15.99996081,15.99996988
439176601.0000,10.99999292,11.04776968,15.67602562,17.84157649,16.78049411,16.82842288,16.12762934,15.99996062,15.99996978
440491501.0000,10.99998470,11.01800185,14.50624246,18.28027406,16.78450148,16.82840740,16.13043109,15.99996043,15.99996968
441806401.0000,10.99998270,11.00677649,13.51980256,18.60295632,16.79099670,16.82839311,16.13325925,15.99996025,15.99996958
443121301.0000,18.47536753,12.47415256,12.75595984,18.79955424,16.80025664,16.82837990,16.13611321,15.99996007,15.99996948
444436201.0000,20.56800120,15.10276651,12.26464467,18.85388861,16.81251240,16.82836768,16.13899235,15.99995990,15.99996939
445751101.0000,20.93474273,17.60573069,12.12964518,18.80509676,16.82783709,16.82835633,16.14189607,15.99995974,15.99996929
447066001.0000,20.99007149,19.30668681,12.32525678,18.69045165,16.84510759,16.82834573,16.14482371,15.99995958,15.99996919
448380901.0000,20.99829825,20.24007397,12.95060285,18.46990894,16.86074752,16.82833575,16.14777464,15.99995942,15.99996909
449695801.0000,20.99958547,20.68361053,13.93729945,18.07334038,16.87296191,16.82832631,16.15074819,15.99995928,15.99996899
451010701.0000,20.99980275,20.87465124,15.13191928,17.54413602,16.88103767,16.82831730,16.15374372,15.99995915,15.99996890
452325601.0000,20.99984175,20.95167769,16.37155523,16.94219165,16.88422912,16.82830867,16.15676056,15.99995903,15.99996880
453640501.0000,20.99984898,20.98144730,17.52057337,16.33081460,16.88302736,16.82830039,16.15979802,15.99995894,15.99996870
454955401.0000,20.99985056,20.99267472,18.49511178,15.76800283,16.88082472,16.82829243,16.16285542,15.99995886,15.99996861
456270301.0000,20.99985105,20.99686339,19.26421172,15.30783885,16.87680399,16.82828480,16.16593209,15.99995880,15.99996851
457585201.0000,20.99985138,20.99842499,19.83624754,14.98567036,16.87031125,16.82827752,16.16902732,15.99995876,15.99996841
458900101.0000,20.99985162,20.99901106,20.24135791,14.81443792,16.86106110,16.82827064,16.17214043,15.99995875,15.99996832
460215001.0000,20.99985189,20.99923322,20.51685529,14.79894896,16.84886480,16.82826426,16.17527072,15.99995875,15.99996822
461529901.0000,13.52446566,19.52745034,20.68382821,14.86380286,16.83358621,16.82825845,16.17841749,15.99995879,15.99996812
462844801.0000,11.43183261,16.89740363,20.70814127,15.00701943,16.81634256,16.82825330,16.18158003,15.99995884,15.99996803
464159701.0000,11.06509253,14.39396724,20.57011430,15.26826170,16.80071174,16.82824887,16.18475764,15.99995893,15.99996793
465474601.0000,11.00976550,12.69285140,20.10207551,15.68451994,16.78849453,16.82824522,16.18794962,15.99995904,15.99996784
466789501.0000,11.00154022,11.75940909,19.29805640,16.20113253,16.78041159,16.82824239,16.19115526,15.99995919,15.99996774
468104401.0000,11.00025391,11.31585372,18.20780416,16.76313929,16.77722218,16.82824040,16.19437387,15.99995936,15.99996765
469419301.0000,11.00003621,11.12480762,16.95166800,17.32432883,16.77837484,16.82823923,16.19760473,15.99995957,15.99996755
470734201.0000,10.99999594,11.04778064,15.67607618,17.84158149,16.78054643,16.82823885,16.20084715,15.99995982,15.99996746
472049101.0000,10.99998784,11.01801249,14.50629008,18.28028380,16.78455333,16.82823920,16.20410044,15.99996010,15.99996736
473364001.0000,10.99998616,11.00678698,13.51984581,18.60297218,16.79104783,16.82824017,16.20736388,15.99996042,15.99996727
474678901.0000,18.47537165,12.47416052,12.75599800,18.79957721,16.80030694,16.82824163,16.21063680,15.99996079,15.99996718
475993801.0000,20.56800660,15.10277328,12.26467695,18.85391899,16.81256144,16.82824345,16.21391851,15.99996120,15.99996708
477308701.0000,20.93474852,17.60573952,12.12967130,18.80512997,16.82788494,16.82824549,16.21720832,15.99996166,15.99996699
478623601.0000,20.99007733,19.30669920,12.32527856,18.69049086,16.84515460,16.82824759,16.22050555,15.99996217,15.99996690
479938501.0000,20.99830406,20.24008949,12.95061606,18.46995754,16.86079415,16.82824964,16.22380953,15.99996271,15.99996680
481253401.0000,20.99959128,20.68362808,13.93730688,18.07340011,16.87300846,16.82825151,16.22711959,15.99996329,15.99996671
482568301.0000,20.99980861,20.87466986,15.13192372,17.54420392,16.88108445,16.82825311,16.23043508,15.99996389,15.99996662
483883201.0000,20.99984766,20.95169680,16.37155960,16.94226414,16.88427642,16.82825441,16.23375533,15.99996454,15.99996653
485198101.0000,20.99985491,20.98146657,17.52058011,16.33088795,16.88307497,16.82825538,16.23707970,15.99996523,15.99996644
486513001.0000,20.99985649,20.99269402,18.49512243,15.76807404,16.88087274,16.82825605,16.24040755,15.99996596,15.99996634
487827901.0000,20.99985696,20.99688266,19.26422690,15.30790451,16.87685251,16.82825646,16.24373824,15.99996674,15.99996625
489142801.0000,20.99985728,20.99844425,19.83626713,14.98572924,16.87036040,16.82825664,16.24707115,15.99996758,15.99996616
490457701.0000,20.99985751,20.99903034,20.24138131,14.81448810,16.86111087,16.82825672,16.25040567,15.99996847,15.99996607
491772601.0000,20.99985777,20.99925254,20.51688173,14.79899029,16.84891526,16.82825681,16.25374119,15.99996942,15.99996598
493087501.0000,13.52447062,19.52747219,20.68385703,14.86384143,16.83363731,16.82825706,16.25707711,15.99997043,15.99996589
494402401.0000,11.43183622,16.89742663,20.70817249,15.00705227,16.81639393,16.82825757,16.26041283,15.99997151,15.99996580
495717301.0000,11.06509567,14.39398820,20.57014823,15.26828215,16.80076299,16.82825844,16.26374779,15.99997268,15.99996571
497032201.0000,11.00976851,12.69286883,20.10211409,15.68453101,16.78854547,16.82825977,16.26708140,15.99997392,15.99996562
498347101.0000,11.00154317,11.75942337,19.29809960,16.20113767,16.78046200,16.82826161,16.27041312,15.99997525,15.99996553
499662001.0000,11.00025682,11.31586590,18.20785101,16.76314180,16.77727171,16.82826399,16.27374238,15.99997666,15.99996545
500976901.0000,11.00003910,11.12481861,16.95171656,17.32433128,16.77842449,16.82826691,16.27706864,15.99997817,15.99996536
502291801.0000,10.99999883,11.04779102,15.67612406,17.84158613,16.78059587,16.82827034,16.28039138,15.99997978,15.99996527
503606701.0000,10.99999078,11.01802257,14.50633518,18.28029292,16.78460232,16.82827424,16.28371008,15.99998148,15.99996518
504921601.0000,10.99998914,11.00679690,13.51988678,18.60298711,16.79109615,16.82827851,16.28702422,15.99998329,15.99996510
506236501.0000,18.47537553,12.47416803,12.75603413,18.79959889,16.80035447,16.82828303,16.29033331,15.99998522,15.99996501
507551401.0000,20.56801172,15.10277967,12.26470751,18.85394768,16.81260777,16.82828766,16.29363685,15.99998725,15.99996492
508866301.0000,20.93475401,17.60574785,12.12969602,18.80516135,16.82793015,16.82829228,16.29693438,15.99998941,15.99996484
510181201.0000,20.99008286,19.30671091,12.32529917,18.69052793,16.84519902,16.82829674,16.30022541,15.99999170,15.99996475
511496101.0000,20.99830956,20.24010417,12.95062854,18.47000352,16.86083820,16.82830094,16.30350950,15.99999412,15.99996467
512811001.0000,20.99959677,20.68364469,13.93731388,18.07345666,16.87305245,16.82830476,16.30678619,15.99999667,15.99996458
514125901.0000,20.99981415,20.87468749,15.13192788,17.54426823,16.88112865,16.82830813,16.31005505,15.99999937,15.99996450
515440801.0000,20.99985326,20.95171488,16.37156369,16.94233280,16.88432112,16.82831102,16.31331566,16.00000222,15.99996441
516755701.0000,20.99986052,20.98148481,17.52058643,16.33095744,16.88311997,16.82831343,16.31656761,16.00000523,15.99996433
518070601.0000,20.99986209,20.99271229,18.49513247,15.76814148,16.88091813,16.82831538,16.31981048,16.00000840,15.99996424
519385501.0000,20.99986256,20.99690090,19.26424123,15.30796671,16.87689838,16.82831693,16.32304389,16.00001173,15.99996416
520700401.0000,20.99986286,20.99846249,19.83628563,14.98578501,16.87040685,16.82831814,16.32626745,16.00001524,15.99996408
522015301.0000,20.99986308,20.99904859,20.24140343,14.81453562,16.86115793,16.82831911,16.32948079,16.00001893,15.99996399
523330201.0000,20.99986333,20.99927082,20.51690673,14.79902942,16.84896296,16.82832000,16.33268356,16.00002281,15.99996391
524645101.0000,13.52447532,19.52749289,20.68388429,14.86387793,16.83368562,16.82832094,16.33587539,16.00002688,15.99996383
525960001.0000,11.43183964,16.89744841,20.70820204,15.00708335,16.81644251,16.82832207,16.33905596,16.00003116,15.99996375
527274901.0000,11.06509864,14.39400806,20.57018034,15.26830147,16.80081146,16.82832348,16.34222492,16.00003564,15.99996367
528589801.0000,11.00977135,12.69288533,20.10215061,15.68454144,16.78859365,16.82832527,16.34538197,16.00004034,15.99996359
529904701.0000,11.00154597,11.75943690,19.29814050,16.20114247,16.78050967,16.82832750,16.34852679,16.00004526,15.99996351
531219601.0000,11.00025957,11.31587744,18.20789540,16.76314410,16.77731856,16.82833021,16.35165909,16.00005041,15.99996343
532534501.0000,11.00004183,11.12482902,16.95176256,17.32433352,16.77847144,16.82833340,16.35477857,16.00005580,15.99996335
533849401.0000,11.00000156,11.04780085,15.67616942,17.84159045,16.78064262,16.82833705,16.35788495,16.00006144,15.99996327
535164301.0000,10.99999348,11.01803210,14.50637791,18.28030150,16.78464865,16.82834112,16.36097797,16.00006732,15.99996319
536479201.0000,10.99999188,11.00680629,13.51992559,18.60300118,16.79114184,16.82834552,16.36405737,16.00007347,15.99996311
537794101.0000,18.47537919,12.47417514,12.75606836,18.79961936,16.80039941,16.82835012,16.36712290,16.00007989,15.99996303
539109001.0000,20.56801655,15.10278571,12.26473647,18.85397482,16.81265158,16.82835479,16.37017431,16.00008659,15.99996295
540423901.0000,20.93475920,17.60575573,12.12971943,18.80519104,16.82797290,16.82835942,16.37321137,16.00009357,15.99996287
541738801.0000,20.99008809,19.30672198,12.32531867,18.69056302,16.84524102,16.82836387,16.37623387,16.00010085,15.99996280
543053701.0000,20.99831477,20.24011806,12.95064034,18.47004706,16.86087986,16.82836802,16.37924159,16.00010843,15.99996272
544368601.0000,20.99960197,20.68366041,13.93732047,18.07351022,16.87309404,16.82837178,16.38223433,16.00011632,15.99996264
545683501.0000,20.99981940,20.87470417,15.13193177,17.54432916,16.88117046,16.82837507,16.38521189,16.00012453,15.99996257
546998401.0000,20.99985856,20.95173200,16.37156751,16.94239786,16.88436339,16.82837786,16.38817409,16.00013307,15.99996249
548313301.0000,20.99986584,20.98150208,17.52059238,16.33102329,16.88316253,16.82838015,16.39112074,16.00014195,15.99996242
549628201.0000,20.99986740,20.99272959,18.49514194,15.76820541,16.88096106,16.82838198,16.39405169,16.00015117,15.99996234
550943101.0000,20.99986786,20.99691817,19.26425477,15.30802566,16.87694177,16.82838339,16.39696676,16.00016075,15.99996227
552258001.0000,20.99986815,20.99847975,19.83630312,14.98583786,16.87045080,16.82838444,16.39986581,16.00017069,15.99996219
553572901.0000,20.99986836,20.99906587,20.24142435,14.81458063,16.86120244,16.82838525,16.40274869,16.00018100,15.99996212
554887801.0000,20.99986859,20.99928812,20.51693039,14.79906647,16.84900810,16.82838597,16.40561527,16.00019170,15.99996205
556202701.0000,13.52447977,19.52751249,20.68391009,14.86391250,16.83373133,16.82838673,16.40846542,16.00020279,15.99996198
557517601.0000,11.43184289,16.89746905,20.70823001,15.00711278,16.81648847,16.82838766,16.41129901,16.00021427,15.99996190
558832501.0000,11.06510146,14.39402687,20.57021074,15.26831974,16.80085732,16.82838886,16.41411593,16.00022617,15.99996183
560147401.0000,11.00977404,12.69290098,20.10218520,15.68455126,16.78863923,16.82839043,16.41691608,16.00023849,15.99996176
561462301.0000,11.00154862,11.75944971,19.29817925,16.20114696,16.78055478,16.82839244,16.41969936,16.00025123,15.99996169
562777201.0000,11.00026219,11.31588837,18.20793745,16.76314622,16.77736289,16.82839491,16.42246567,16.00026442,15.99996162
564092101.0000,11.00004442,11.12483888,16.95180615,17.32433558,16.77851587,16.82839786,16.42521493,16.00027804,15.99996155
565407001.0000,11.00000418,11.04781015,15.67621241,17.84159447,16.78068686,16.82840126,16.42794706,16.00029213,15.99996148
566721901.0000,10.99999601,11.01804113,14.50641841,18.28030956,16.78469249,16.82840507,16.43066198,16.00030668,15.99996141
568036801.0000,10.99999442,11.00681517,13.51996238,18.60301446,16.79118508,16.82840921,16.43335964,16.00032171,15.99996135
569351701.0000,18.47538266,12.47418185,12.75610080,18.79963872,16.80044194,16.82841355,16.43603998,16.00033721,15.99996128
570666601.0000,20.56802114,15.10279141,12.26476390,18.85400050,16.81269304,16.82841797,16.43870293,16.00035322,15.99996121
571981501.0000,20.93476412,17.60576317,12.12974160,18.80521913,16.82801335,16.82842234,16.44134846,16.00036972,15.99996114
573296401.0000,20.99009304,19.30673246,12.32533715,18.69059624,16.84528076,16.82842655,16.44397652,16.00038674,15.99996108
574611301.0000,20.99831970,20.24013122,12.95065150,18.47008831,16.86091928,16.82843046,16.44658707,16.00040428,15.99996101
575926201.0000,20.99960690,20.68367529,13.93732669,18.07356099,16.87313341,16.82843398,16.44918009,16.00042235,15.99996095
577241101.0000,20.99982436,20.87471998,15.13193543,17.54438692,16.88121002,16.82843704,16.45175556,16.00044096,15.99996088
578556001.0000,20.99986357,20.95174822,16.37157110,16.94245954,16.88440340,16.82843961,16.45431344,16.00046012,15.99996082
579870901.0000,20.99987087,20.98151845,17.52059798,16.33108572,16.88320280,16.82844169,16.45685374,16.00047984,15.99996076
581185801.0000,20.99987243,20.99274597,18.49515088,15.76826601,16.88100169,16.82844331,16.45937643,16.00050012,15.99996070
582500701.0000,20.99987288,20.99693454,19.26426757,15.30808154,16.87698283,16.82844452,16.46188152,16.00052099,15.99996063
583815601.0000,20.99987316,20.99849611,19.83631967,14.98588796,16.87049239,16.82844537,16.46436901,16.00054244,15.99996057
585130501.0000,20.99987336,20.99908224,20.24144415,14.81462330,16.86124457,16.82844598,16.46683889,16.00056448,15.99996051
586445401.0000,20.99987358,20.99930451,20.51695280,14.79910159,16.84905082,16.82844649,16.46929119,16.00058713,15.99996045
587760301.0000,13.52448399,19.52753107,20.68393453,14.86394526,16.83377460,16.82844705,16.47172591,16.00061039,15.99996039
589075201.0000,11.43184596,16.89748862,20.70825650,15.00714065,16.81653199,16.82844778,16.47414307,16.00063427,15.99996033
590390101.0000,11.06510412,14.39404471,20.57023954,15.26833703,16.80090074,16.82844877,16.47654270,16.00065878,15.99996028
591705001.0000,11.00977660,12.69291581,20.10221798,15.68456053,16.78868240,16.82845014,16.47892482,16.00068393,15.99996022
593019901.0000,11.00155112,11.75946186,19.29821598,16.20115117,16.78059750,16.82845193,16.48128947,16.00070973,15.99996016
594334801.0000,11.00026466,11.31589873,18.20797732,16.76314817,16.77740486,16.82845419,16.48363666,16.00073619,15.99996011
595649701.0000,11.00004686,11.12484822,16.95184748,17.32433748,16.77855794,16.82845692,16.48596645,16.00076331,15.99996005
596964601.0000,11.00000661,11.04781896,15.67625317,17.84159823,16.78072875,16.82846011,16.48827888,16.00079110,15.99996000
598279501.0000,10.99999845,11.01804967,14.50645681,18.28031715,16.78473401,16.82846371,16.49057398,16.00081957,15.99995994
599594401.0000,10.99999682,11.00682358,13.51999726,18.60302700,16.79122601,16.82846763,16.49285181,16.00084874,15.99995989
600909301.0000,18.47538594,12.47418821,12.75613156,18.79965703,16.80048221,16.82847176,16.49511241,16.00087860,15.99995984
602224201.0000,20.56802548,15.10279680,12.26478991,18.85402481,16.81273229,16.82847598,16.49735584,16.00090917,15.99995978
603539101.0000,20.93476877,17.60577022,12.12976262,18.80524574,16.82805165,16.82848016,16.49958216,16.00094046,15.99995973
604854001.0000,20.99009774,19.30674238,12.32535465,18.69062771,16.84531839,16.82848417,16.50179143,16.00097246,15.99995968
606168901.0000,20.99832437,20.24014368,12.95066206,18.47012740,16.86095660,16.82848790,16.50398370,16.00100520,15.99995963
607483801.0000,20.99961156,20.68368940,13.93733257,18.07360911,16.87317068,16.82849124,16.50615905,16.00103868,15.99995958
608798701.0000,20.99982907,20.87473495,15.13193887,17.54444168,16.88124748,16.82849413,16.50831754,16.00107290,15.99995954
610113601.0000,20.99986833,20.95176359,16.37157447,16.94251803,16.88444129,16.82849653,16.51045923,16.00110787,15.99995949
611428501.0000,20.99987564,20.98153395,17.52060326,16.33114493,16.88324095,16.82849845,16.51258421,16.00114361,15.99995944
612743401.0000,20.99987720,20.99276150,18.49515932,15.76832349,16.88104016,16.82849991,16.51469254,16.00118011,15.99995940
614058301.0000,20.99987764,20.99695004,19.26427968,15.30813453,16.87702171,16.82850096,16.51678431,16.00121739,15.99995935
615373201.0000,20.99987791,20.99851161,19.83633535,14.98593547,16.87053178,16.82850167,16.51885959,16.00125545,15.99995931
616688101.0000,20.99987809,20.99909776,20.24146291,14.81466376,16.86128448,16.82850212,16.52091846,16.00129430,15.99995927
618003001.0000,20.99987831,20.99932005,20.51697402,14.79913488,16.84909129,16.82850249,16.52296100,16.00133395,15.99995922
619317901.0000,13.52448799,19.52754867,20.68395768,14.86397631,16.83381560,16.82850290,16.52498729,16.00137441,15.99995918
620632801.0000,11.43184887,16.89750717,20.70828161,15.00716706,16.81657322,16.82850347,16.52699743,16.00141567,15.99995914
621947701.0000,11.06510665,14.39406162,20.57026684,15.26835339,16.80094188,16.82850432,16.52899150,16.00145776,15.99995911
623262601.0000,11.00977901,12.69292987,20.10224905,15.68456929,16.78872330,16.82850552,16.53096959,16.00150066,15.99995907
624577501.0000,11.00155350,11.75947337,19.29825080,16.20115511,16.78063797,16.82850715,16.53293178,16.00154440,15.99995903
625892401.0000,11.00026700,11.31590854,18.20801513,16.76314998,16.77744463,16.82850925,16.53487817,16.00158898,15.99995900
627207301.0000,11.00004917,11.12485707,16.95188668,17.32433923,16.77859779,16.82851182,16.53680886,16.00163440,15.99995896
628522201.0000,11.00000891,11.04782732,15.67629183,17.84160175,16.78076844,16.82851485,16.53872393,16.00168067,15.99995893
629837101.0000,11.00000077,11.01805778,14.50649323,18.28032431,16.78477334,16.82851828,16.54062349,16.00172780,15.99995890
631152001.0000,10.99999910,11.00683155,13.52003034,18.60303886,16.79126480,16.82852205,16.54250762,16.00177579,15.99995887
632466901.0000,18.47538904,12.47419422,12.75616073,18.79967437,16.80052036,16.82852602,16.54437642,16.00182465,15.99995884
633781801.0000,20.56802959,15.10280191,12.26481458,18.85404784,16.81276948,16.82853008,16.54623000,16.00187439,15.99995881
635096701.0000,20.93477319,17.60577688,12.12978255,18.80527095,16.82808793,16.82853410,16.54806845,16.00192500,15.99995879
636411601.0000,20.99010219,19.30675179,12.32537125,18.69065754,16.84535403,16.82853797,16.54989187,16.00197651,15.99995876
637726501.0000,20.99832880,20.24015549,12.95067207,18.47016446,16.86099196,16.82854155,16.55170036,16.00202891,15.99995874
639041401.0000,20.99961599,20.68370277,13.93733812,18.07365475,16.87320598,16.82854475,16.55349403,16.00208220,15.99995872
640356301.0000,20.99983352,20.87474915,15.13194210,17.54449363,16.88128296,16.82854751,16.55527297,16.00213640,15.99995870
641671201.0000,20.99987283,20.95177816,16.37157764,16.94257352,16.88447719,16.82854978,16.55703729,16.00219152,15.99995868
642986101.0000,20.99988016,20.98154865,17.52060824,16.33120110,16.88327708,16.82855157,16.55878709,16.00224754,15.99995866
644301001.0000,20.99988172,20.99277623,18.49516731,15.76837801,16.88107661,16.82855291,16.56052247,16.00230449,15.99995864
645615901.0000,20.99988215,20.99696475,19.26429115,15.30818481,16.87705856,16.82855384,16.56224354,16.00236237,15.99995863
646930801.0000,20.99988241,20.99852631,19.83635019,14.98598053,16.87056911,16.82855442,16.56395041,16.00242118,15.99995861
648245701.0000,20.99988259,20.99911247,20.24148069,14.81470213,16.86132230,16.82855476,16.56564317,16.00248092,15.99995860
649560601.0000,20.99988279,20.99933478,20.51699414,14.79916645,16.84912964,16.82855500,16.56732193,16.00254161,15.99995859
650875501.0000,13.52449178,19.52756537,20.68397963,14.86400575,16.83385445,16.82855529,16.56898679,16.00260325,15.99995858
652190401.0000,11.43185163,16.89752476,20.70830541,15.00719210,16.81661229,16.82855574,16.57063787,16.00266585,15.99995858
653505301.0000,11.06510905,14.39407767,20.57029272,15.26836889,16.80098087,16.82855646,16.57227527,16.00272941,15.99995857
654820201.0000,11.00978131,12.69294320,20.10227851,15.68457756,16.78876205,16.82855753,16.57389909,16.00279394,15.99995857
656135101.0000,11.00155575,11.75948429,19.29828383,16.20115882,16.78067632,16.82855903,16.57550944,16.00285944,15.99995857
657450001.0000,11.00026923,11.31591785,18.20805099,16.76315165,16.77748231,16.82856100,16.57710642,16.00292591,15.99995857
658764901.0000,11.00005137,11.12486547,16.95192387,17.32434086,16.77863556,16.82856343,16.57869014,16.00299337,15.99995857
660079801.0000,11.00001110,11.04783524,15.67632851,17.84160505,16.78080605,16.82856632,16.58026071,16.00306181,15.99995857
661394701.0000,11.00000298,11.01806546,14.50652778,18.28033107,16.78481061,16.82856962,16.58181823,16.00313123,15.99995858
662709601.0000,11.00000128,11.00683911,13.52006173,18.60305008,16.79130155,16.82857325,16.58336280,16.00320164,15.99995859
664024501.0000,18.47539199,12.47419993,12.75618840,18.79969078,16.80055651,16.82857709,16.58489454,16.00327304,15.99995860
665339401.0000,20.56803349,15.10280674,12.26483798,18.85406966,16.81280472,16.82858102,16.58641354,16.00334541,15.99995861
666654301.0000,20.93477738,17.60578320,12.12980146,18.80529484,16.82812232,16.82858492,16.58791992,16.00341878,15.99995862
667969201.0000,20.99010641,19.30676070,12.32538698,18.69068582,16.84538781,16.82858865,16.58941377,16.00349314,15.99995864
669284101.0000,20.99833300,20.24016669,12.95068154,18.47019961,16.86102546,16.82859211,16.59089520,16.00356849,15.99995866
670599001.0000,20.99962018,20.68371545,13.93734336,18.07369805,16.87323945,16.82859520,16.59236431,16.00364484,15.99995868
671913901.0000,20.99983775,20.87476262,15.13194515,17.54454291,16.88131660,16.82859783,16.59382122,16.00372218,15.99995870
673228801.0000,20.99987710,20.95179198,16.37158063,16.94262617,16.88451121,16.82859999,16.59526602,16.00380052,15.99995873
674543701.0000,20.99988445,20.98156259,17.52061294,16.33125440,16.88331133,16.82860167,16.59669881,16.00387986,15.99995876
675858601.0000,20.99988600,20.99279019,18.49517486,15.76842975,16.88111116,16.82860290,16.59811970,16.00396022,15.99995879
677173501.0000,20.99988643,20.99697869,19.26430200,15.30823251,16.87709348,16.82860372,16.59952879,16.00404159,15.99995883
678488401.0000,20.99988668,20.99854025,19.83636425,14.98602329,16.87060449,16.82860419,16.60092619,16.00412398,15.99995886
679803301.0000,20.99988685,20.99912641,20.24149754,14.81473854,16.86135814,16.82860442,16.60231199,16.00420746,15.99995890
681118201.0000,20.99988704,20.99934874,20.51701321,14.79919640,16.84916600,16.82860456,16.60368629,16.00429205,15.99995894
682433101.0000,13.52449538,19.52758121,20.68400044,14.86403368,16.83389128,16.82860474,16.60504920,16.00437775,15.99995899
683748001.0000,11.43185425,16.89754146,20.70832798,15.00721585,16.81664934,16.82860508,16.60640081,16.00446458,15.99995904
685062901.0000,11.06511132,14.39409289,20.57031726,15.26838358,16.80101783,16.82860568,16.60774124,16.00455254,15.99995909
686377801.0000,11.00978348,12.69295586,20.10230646,15.68458539,16.78879880,16.82860665,16.60907056,16.00464162,15.99995915
687692701.0000,11.00155788,11.75949466,19.29831516,16.20116231,16.78071268,16.82860803,16.61038889,16.00473183,15.99995921
689007601.0000,11.00027134,11.31592669,18.20808501,16.76315321,16.77751805,16.82860988,16.61169632,16.00482318,15.99995927
690322501.0000,11.00005344,11.12487343,16.95195915,17.32434237,16.77867138,16.82861220,16.61299294,16.00491566,15.99995934
691637401.0000,11.00001318,11.04784276,15.67636331,17.84160816,16.78084171,16.82861496,16.61427887,16.00500929,15.99995941
692952301.0000,11.00000508,11.01807275,14.50656057,18.28033745,16.78484595,16.82861815,16.61555418,16.00510407,15.99995948
694267201.0000,11.00000340,11.00684629,13.52009151,18.60306070,16.79133640,16.82862165,16.61681898,16.00520001,15.99995956
695582101.0000,18.47539478,12.47420534,12.75621466,18.79970634,16.80059079,16.82862538,16.61807337,16.00529714,15.99995964
696897001.0000,20.56803719,15.10281132,12.26486018,18.85409035,16.81283813,16.82862919,16.61931743,16.00539544,15.99995973
698211901.0000,20.93478135,17.60578919,12.12981939,18.80531750,16.82815492,16.82863297,16.62055126,16.00549492,15.99995982
699526801.0000,20.99011041,19.30676915,12.32540191,18.69071264,16.84541984,16.82863659,16.62177496,16.00559558,15.99995991
700841701.0000,20.99833699,20.24017731,12.95069052,18.47023295,16.86105723,16.82863994,16.62298861,16.00569743,15.99996001
702156601.0000,20.99962416,20.68372748,13.93734833,18.07373913,16.87327117,16.82864291,16.62419231,16.00580047,15.99996011
703471501.0000,20.99984176,20.87477539,15.13194803,17.54458968,16.88134849,16.82864544,16.62538614,16.00590471,15.99996022
704786401.0000,20.99988115,20.95180508,16.37158345,16.94267613,16.88454346,16.82864749,16.62657021,16.00601015,15.99996033
706101301.0000,20.99988852,20.98157582,17.52061739,16.33130498,16.88334380,16.82864907,16.62774460,16.00611679,15.99996045
707416201.0000,20.99989007,20.99280344,18.49518202,15.76847886,16.88114392,16.82865020,16.62890939,16.00622464,15.99996057
708731101.0000,20.99989049,20.99699192,19.26431229,15.30827778,16.87712660,16.82865092,16.63006469,16.00633370,15.99996070
710046001.0000,20.99989073,20.99855346,19.83637759,14.98606387,16.87063803,16.82865129,16.63121057,16.00644397,15.99996083
711360901.0000,20.99989089,20.99913964,20.24151351,14.81477308,16.86139213,16.82865142,16.63234712,16.00655538,15.99996096
712675801.0000,20.99989107,20.99936199,20.51703130,14.79922481,16.84920047,16.82865146,16.63347442,16.00666794,15.99996110
713990701.0000,13.52449880,19.52759623,20.68402018,14.86406017,16.83392621,16.82865154,16.63459258,16.00678165,15.99996125
715305601.0000,11.43185673,16.89755730,20.70834939,15.00723837,16.81668447,16.82865177,16.63570166,16.00689651,15.99996140
716620501.0000,11.06511348,14.39410733,20.57034055,15.26839750,16.80105289,16.82865228,16.63680174,16.00701254,15.99996156
717935401.0000,11.00978555,12.69296787,20.10233298,15.68459280,16.78883365,16.82865313,16.63789288,16.00712974,15.99996172
719250301.0000,11.00155991,11.75950449,19.29834489,16.20116560,16.78074717,16.82865441,16.63897516,16.00724811,15.99996189
720565201.0000,11.00027336,11.31593507,18.20811730,16.76315467,16.77755194,16.82865615,16.64004865,16.00736767,15.99996206
721880101.0000,11.00005543,11.12488100,16.95199264,17.32434378,16.77870534,16.82865836,16.64111342,16.00748841,15.99996224
723195001.0000,11.00001515,11.04784989,15.67639635,17.84161108,16.78087553,16.82866102,16.64216954,16.00761034,15.99996243
724509901.0000,11.00000705,11.01807966,14.50659170,18.28034348,16.78487947,16.82866410,16.64321708,16.00773347,15.99996262
725824801.0000,11.00000538,11.00685309,13.52011978,18.60307076,16.79136945,16.82866749,16.64425613,16.00785781,15.99996281
727139701.0000,18.47539742,12.47421046,12.75623959,18.79972108,16.80062330,16.82867111,16.64528675,16.00798335,15.99996302
728454601.0000,20.56804070,15.10281566,12.26488126,18.85410997,16.81286982,16.82867481,16.64630903,16.00811010,15.99996323
729769501.0000,20.93478512,17.60579487,12.12983641,18.80533898,16.82818583,16.82867848,16.64732302,16.00823807,15.99996344
731084401.0000,20.99011421,19.30677716,12.32541607,18.69073808,16.84545021,16.82868200,16.64832881,16.00836727,15.99996366
732399301.0000,20.99834077,20.24018738,12.95069904,18.47026458,16.86108736,16.82868524,16.64932646,16.00849769,15.99996389
733714201.0000,20.99962793,20.68373889,13.93735303,18.07377812,16.87330126,16.82868811,16.65031606,16.00862934,15.99996413
735029101.0000,20.99984556,20.87478751,15.13195075,17.54463407,16.88137873,16.82869054,16.65129768,16.00876223,15.99996437
736344001.0000,20.99988499,20.95181752,16.37158611,16.94272356,16.88457406,16.82869249,16.65227137,16.00889637,15.99996462
737658901.0000,20.99989238,20.98158837,17.52062160,16.33135300,16.88337460,16.82869398,16.65323723,16.00903175,15.99996488
738973801.0000,20.99989393,20.99281601,18.49518879,15.76852547,16.88117500,16.82869501,16.65419531,16.00916838,15.99996514
740288701.0000,20.99989434,20.99700448,19.26432204,15.30832076,16.87715800,16.82869563,16.65514569,16.00930626,15.99996542
741603601.0000,20.99989457,20.99856601,19.83639023,14.98610239,16.87066985,16.82869591,16.65608845,16.00944541,15.99996570
742918501.0000,20.99989472,20.99915218,20.24152866,14.81480587,16.86142437,16.82869595,16.65702363,16.00958581,15.99996598
744233401.0000,20.99989490,20.99937455,20.51704846,14.79925177,16.84923318,16.82869589,16.65795133,16.00972749,15.99996628
745548301.0000,13.52450204,19.52761049,20.68403890,14.86408531,16.83395934,16.82869588,16.65887161,16.00987043,15.99996658
746863201.0000,11.43185909,16.89757233,20.70836970,15.00725974,16.81671779,16.82869602,16.65978453,16.01001465,15.99996689
748178101.0000,11.06511553,14.39412104,20.57036264,15.26841070,16.80108615,16.82869642,16.66069016,16.01016014,15.99996721
749493001.0000,11.00978750,12.69297927,20.10235814,15.68459982,16.78886671,16.82869718,16.66158857,16.01030692,15.99996754
750807901.0000,11.00156183,11.75951382,19.29837311,16.20116870,16.78077989,16.82869837,16.66247984,16.01045498,15.99996788
752122801.0000,11.00027526,11.31594303,18.20814795,16.76315603,16.77758408,16.82870001,16.66336401,16.01060432,15.99996822
753437701.0000,11.00005731,11.12488817,16.95202443,17.32434509,16.77873757,16.82870212,16.66424117,16.01075496,15.99996858
754752601.0000,11.00001701,11.04785666,15.67642770,17.84161383,16.78090762,16.82870468,16.66511136,16.01090688,15.99996894
756067501.0000,11.00000893,11.01808622,14.50662124,18.28034919,16.78491127,16.82870765,16.66597467,16.01106010,15.99996931
757382401.0000,11.00000727,11.00685954,13.52014661,18.60308029,16.79140080,16.82871095,16.66683116,16.01121462,15.99996969
758697301.0000,18.47539993,12.47421533,12.75626325,18.79973506,16.80065413,16.82871446,16.66768088,16.01137044,15.99997008
760012201.0000,20.56804403,15.10281977,12.26490126,18.85412858,16.81289988,16.82871806,16.66852390,16.01152757,15.99997049
761327101.0000,20.93478870,17.60580025,12.12985256,18.80535937,16.82821516,16.82872163,16.66936029,16.01168599,15.99997090
762642001.0000,20.99011782,19.30678477,12.32542951,18.69076222,16.84547902,16.82872505,16.67019010,16.01184573,15.99997132
763956901.0000,20.99834436,20.24019694,12.95070712,18.47029461,16.86111594,16.82872820,16.67101340,16.01200678,15.99997175
765271801.0000,20.99963151,20.68374972,13.93735748,18.07381513,16.87332980,16.82873097,16.67183024,16.01216913,15.99997220
766586701.0000,20.99984916,20.87479901,15.13195332,17.54467621,16.88140742,16.82873330,16.67264070,16.01233281,15.99997265
767901601.0000,20.99988864,20.95182933,16.37158862,16.94276859,16.88460308,16.82873516,16.67344482,16.01249780,15.99997312
769216501.0000,20.99989604,20.98160028,17.52062558,16.33139858,16.88340382,16.82873655,16.67424267,16.01266410,15.99997359
770531401.0000,20.99989759,20.99282794,18.49519521,15.76856972,16.88120447,16.82873749,16.67503431,16.01283173,15.99997408
771846301.0000,20.99989799,20.99701639,19.26433129,15.30836156,16.87718780,16.82873803,16.67581979,16.01300068,15.99997458
773161201.0000,20.99989822,20.99857790,19.83640222,14.98613896,16.87070004,16.82873822,16.67659917,16.01317096,15.99997509
774476101.0000,20.99989836,20.99916409,20.24154304,14.81483700,16.86145496,16.82873817,16.67737251,16.01334256,15.99997561
775791001.0000,20.99989853,20.99938648,20.51706474,14.79927736,16.84926420,16.82873802,16.67813987,16.01351548,15.99997615
777105901.0000,13.52450511,19.52762402,20.68405667,14.86410917,16.83399078,16.82873792,16.67890130,16.01368974,15.99997670
778420801.0000,11.43186133,16.89758660,20.70838897,15.00728003,16.81674942,16.82873797,16.67965685,16.01386532,15.99997726
779735701.0000,11.06511747,14.39413406,20.57038361,15.26842323,16.80111770,16.82873829,16.68040658,16.01404223,15.99997783
781050601.0000,11.00978936,12.69299009,20.10238202,15.68460646,16.78889809,16.82873896,16.68115056,16.01422048,15.99997841
782365501.0000,11.00156366,11.75952268,19.29839989,16.20117163,16.78081093,16.82874004,16.68188882,16.01440006,15.99997901
783680401.0000,11.00027706,11.31595058,18.20817704,16.76315730,16.77761459,16.82874159,16.68262142,16.01458097,15.99997962
784995301.0000,11.00005910,11.12489498,16.95205460,17.32434632,16.77876814,16.82874361,16.68334842,16.01476321,15.99998024
786310201.0000,11.00001879,11.04786308,15.67645747,17.84161642,16.78093806,16.82874608,16.68406986,16.01494679,15.99998087
787625101.0000,11.00001072,11.01809245,14.50664929,18.28035459,16.78494144,16.82874895,16.68478580,16.01513169,15.99998152
788940001.0000,11.00000907,11.00686567,13.52017209,18.60308932,16.79143055,16.82875216,16.68549630,16.01531793,15.99998218
790254901.0000,18.47540231,12.47421994,12.75628571,18.79974831,16.80068340,16.82875558,16.68620139,16.01550548,15.99998286
791569801.0000,20.56804719,15.10282367,12.26492025,18.85414624,16.81292840,16.82875909,16.68690114,16.01569436,15.99998355
792884701.0000,20.93479209,17.60580536,12.12986790,18.80537871,16.82824298,16.82876256,16.68759558,16.01588456,15.99998425
794199601.0000,20.99012124,19.30679198,12.32544226,18.69078513,16.84550635,16.82876589,16.68828477,16.01607608,15.99998496
795514501.0000,20.99834776,20.24020602,12.95071478,18.47032311,16.86114306,16.82876894,16.68896876,16.01626892,15.99998569
796829401.0000,20.99963491,20.68375999,13.93736171,18.07385026,16.87335688,16.82877162,16.68964760,16.01646307,15.99998644
798144301.0000,20.99985259,20.87480992,15.13195575,17.54471622,16.88143465,16.82877387,16.69032133,16.01665854,15.99998720
799459201.0000,20.99989210,20.95184053,16.37159099,16.94281133,16.88463062,16.82877564,16.69098999,16.01685532,15.99998797
800774101.0000,20.99989951,20.98161159,17.52062935,16.33144186,16.88343155,16.82877694,16.69165365,16.01705341,15.99998876
802089001.0000,20.99990106,20.99283926,18.49520130,15.76861174,16.88123244,16.82877780,16.69231233,16.01725281,15.99998956
803403901.0000,20.99990146,20.99702770,19.26434006,15.30840030,16.87721607,16.82877825,16.69296609,16.01745352,15.99999038
804718801.0000,20.99990168,20.99858919,19.83641360,14.98617368,16.87072869,16.82877835,16.69361497,16.01765553,15.99999121
806033701.0000,20.99990181,20.99917538,20.24155668,14.81486655,16.86148399,16.82877822,16.69425902,16.01785885,15.99999205
807348601.0000,20.99990198,20.99939779,20.51708018,14.79930166,16.84929365,16.82877799,16.69489828,16.01806347,15.99999292
808663501.0000,13.52450803,19.52763687,20.68407353,14.86413183,16.83402061,16.82877780,16.69553280,16.01826939,15.99999379
809978401.0000,11.43186345,16.89760015,20.70840727,15.00729928,16.81677943,16.82877777,16.69616261,16.01847661,15.99999469
811293301.0000,11.06511931,14.39414642,20.57040350,15.26843511,16.80114765,16.82877800,16.69678776,16.01868513,15.99999560
812608201.0000,11.00979112,12.69300036,20.10240469,15.68461276,16.78892786,16.82877858,16.69740829,16.01889494,15.99999652
813923101.0000,11.00156539,11.75953109,19.29842531,16.20117440,16.78084040,16.82877958,16.69802424,16.01910604,15.99999746
815238001.0000,11.00027877,11.31595775,18.20820466,16.76315850,16.77764354,16.82878104,16.69863566,16.01931843,15.99999842
816552901.0000,11.00006082,11.12490145,16.95208325,17.32434747,16.77879716,16.82878297,16.69924258,16.01953211,15.99999939
817867801.0000,11.00002050,11.04786919,15.67648574,17.84161887,16.78096696,16.82878535,16.69984505,16.01974707,16.00000038
819182701.0000,11.00001243,11.01809837,14.50667592,18.28035970,16.78497007,16.82878814,16.70044310,16.01996332,16.00000138
820497601.0000,11.00001079,11.00687149,13.52019628,18.60309788,16.79145879,16.82879125,16.70103677,16.02018084,16.00000240
821812501.0000,18.47540457,12.47422433,12.75630704,18.79976089,16.80071116,16.82879458,16.70162611,16.02039964,16.00000344
823127401.0000,20.56805019,15.10282738,12.26493828,18.85416299,16.81295547,16.82879801,16.70221114,16.02061971,16.00000449
824442301.0000,20.93479532,17.60581021,12.12988246,18.80539706,16.82826939,16.82880139,16.70279192,16.02084106,16.00000557
825757201.0000,20.99012449,19.30679883,12.32545437,18.69080688,16.84553230,16.82880463,16.70336847,16.02106367,16.00000666
827072101.0000,20.99835099,20.24021463,12.95072206,18.47035016,16.86116879,16.82880760,16.70394084,16.02128755,16.00000776
828387001.0000,20.99963813,20.68376975,13.93736571,18.07388362,16.87338258,16.82881019,16.70450906,16.02151269,16.00000888
829701901.0000,20.99985583,20.87482029,15.13195805,17.54475421,16.88146048,16.82881235,16.70507316,16.02173908,16.00001003
831016801.0000,20.99989538,20.95185116,16.37159324,16.94285193,16.88465676,16.82881404,16.70563319,16.02196673,16.00001118
832331701.0000,20.99990281,20.98162232,17.52063292,16.33148297,16.88345786,16.82881526,16.70618917,16.02219563,16.00001236
833646601.0000,20.99990436,20.99285001,18.49520707,15.76865164,16.88125899,16.82881603,16.70674115,16.02242578,16.00001355
834961501.0000,20.99990475,20.99703843,19.26434838,15.30843708,16.87724291,16.82881640,16.70728916,16.02265717,16.00001477
836276401.0000,20.99990496,20.99859991,19.83642440,14.98620665,16.87075588,16.82881642,16.70783323,16.02288980,16.00001600
837591301.0000,20.99990509,20.99918609,20.24156963,14.81489461,16.86151154,16.82881621,16.70837339,16.02312367,16.00001725
838906201.0000,20.99990525,20.99940852,20.51709485,14.79932473,16.84932160,16.82881590,16.70890969,16.02335877,16.00001852
840221101.0000,13.52451081,19.52764905,20.68408954,14.86415333,16.83404893,16.82881563,16.70944214,16.02359509,16.00001980
841536001.0000,11.43186547,16.89761301,20.70842463,15.00731755,16.81680791,16.82881552,16.70997080,16.02383264,16.00002111
842850901.0000,11.06512106,14.39415815,20.57042239,15.26844638,16.80117608,16.82881567,16.71049568,16.02407141,16.00002243
844165801.0000,11.00979280,12.69301011,20.10242621,15.68461873,16.78895612,16.82881617,16.71101682,16.02431140,16.00002378
845480701.0000,11.00156704,11.75953908,19.29844945,16.20117702,16.78086837,16.82881709,16.71153425,16.02455259,16.00002514
846795601.0000,11.00028040,11.31596456,18.20823089,16.76315962,16.77767102,16.82881847,16.71204801,16.02479499,16.00002653
848110501.0000,11.00006244,11.12490759,16.95211045,17.32434855,16.77882470,16.82882032,16.71255812,16.02503859,16.00002793
849425401.0000,11.00002214,11.04787498,15.67651258,17.84162118,16.78099439,16.82882261,16.71306462,16.02528339,16.00002936
850740301.0000,11.00001408,11.01810399,14.50670121,18.28036454,16.78499725,16.82882532,16.71356753,16.02552938,16.00003080
852055201.0000,11.00001245,11.00687703,13.52021925,18.60310599,16.79148559,16.82882835,16.71406689,16.02577656,16.00003226
853370101.0000,18.47540672,12.47422851,12.75632730,18.79977282,16.80073752,16.82883160,16.71456273,16.02602492,16.00003375
854685001.0000,20.56805304,15.10283091,12.26495540,18.85417889,16.81298116,16.82883494,16.71505507,16.02627445,16.00003526
855999901.0000,20.93479838,17.60581482,12.12989628,18.80541448,16.82829446,16.82883824,16.71554394,16.02652516,16.00003678
857314801.0000,20.99012757,19.30680533,12.32546587,18.69082752,16.84555692,16.82884139,16.71602938,16.02677703,16.00003833
858629701.0000,20.99835406,20.24022280,12.95072896,18.47037585,16.86119322,16.82884428,16.71651140,16.02703007,16.00003990
859944601.0000,20.99964119,20.68377901,13.93736951,18.07391529,16.87340698,16.82884679,16.71699005,16.02728426,16.00004149
861259501.0000,20.99985891,20.87483012,15.13196024,17.54479028,16.88148501,16.82884887,16.71746534,16.02753960,16.00004311
862574401.0000,20.99989849,20.95186126,16.37159537,16.94289048,16.88468157,16.82885048,16.71793731,16.02779609,16.00004474
863889301.0000,20.99990594,20.98163251,17.52063630,16.33152200,16.88348284,16.82885162,16.71840598,16.02805371,16.00004640
865204201.0000,20.99990749,20.99286022,18.49521254,15.76868954,16.88128419,16.82885231,16.71887138,16.02831247,16.00004808
866519101.0000,20.99990788,20.99704863,19.26435628,15.30847202,16.87726838,16.82885260,16.71933354,16.02857236,16.00004978
867834001.0000,20.99990808,20.99861008,19.83643465,14.98623796,16.87078169,16.82885255,16.71979248,16.02883337,16.00005151
869148901.0000,20.99990821,20.99919626,20.24158192,14.81492126,16.86153769,16.82885226,16.72024822,16.02909550,16.00005326
870463801.0000,20.99990835,20.99941870,20.51710877,14.79934663,16.84934813,16.82885188,16.72070080,16.02935874,16.00005503
871778701.0000,13.52451344,19.52766063,20.68410473,14.86417375,16.83407582,16.82885153,16.72115024,16.02962308,16.00005682
873093601.0000,11.43186739,16.89762522,20.70844111,15.00733490,16.81683496,16.82885134,16.72159657,16.02988853,16.00005864
874408501.0000,11.06512273,14.39416929,20.57044032,15.26845708,16.80120307,16.82885142,16.72203980,16.03015506,16.00006048
875723401.0000,11.00979439,12.69301938,20.10244664,15.68462439,16.78898295,16.82885184,16.72247997,16.03042268,16.00006235
877038301.0000,11.00156860,11.75954666,19.29847237,16.20117949,16.78089492,16.82885269,16.72291710,16.03069139,16.00006424
878353201.0000,11.00028194,11.31597102,18.20825579,16.76316068,16.77769711,16.82885399,16.72335121,16.03096116,16.00006615
879668101.0000,11.00006399,11.12491342,16.95213629,17.32434957,16.77885085,16.82885576,16.72378233,16.03123201,16.00006809
880983001.0000,11.00002369,11.04788049,15.67653806,17.84162336,16.78102042,16.82885798,16.72421048,16.03150392,16.00007006
882297901.0000,11.00001565,11.01810934,14.50672523,18.28036913,16.78502305,16.82886060,16.72463569,16.03177688,16.00007205
883612801.0000,11.00001402,11.00688229,13.52024107,18.60311370,16.79151103,16.82886356,16.72505798,16.03205089,16.00007406
884927701.0000,18.47540877,12.47423247,12.75634653,18.79978415,16.80076255,16.82886672,16.72547736,16.03232594,16.00007610
886242601.0000,20.56805575,15.10283426,12.26497166,18.85419399,16.81300555,16.82886998,16.72589387,16.03260203,16.00007817
887557501.0000,20.93480128,17.60581919,12.12990941,18.80543102,16.82831825,16.82887321,16.72630753,16.03287915,16.00008026
888872401.0000,20.99013050,19.30681151,12.32547680,18.69084712,16.84558030,16.82887628,16.72671836,16.03315729,16.00008238
890187301.0000,20.99835698,20.24023057,12.95073552,18.47040024,16.86121641,16.82887909,16.72712638,16.03343644,16.00008452
891502201.0000,20.99964410,20.68378781,13.93737312,18.07394537,16.87343014,16.82888153,16.72753162,16.03371661,16.00008669
892817101.0000,20.99986184,20.87483947,15.13196231,17.54482454,16.88150829,16.82888353,16.72793408,16.03399778,16.00008889
894132001.0000,20.99990145,20.95187085,16.37159739,16.94292709,16.88470513,16.82888506,16.72833381,16.03427994,16.00009112
895446901.0000,20.99990892,20.98164218,17.52063951,16.33155907,16.88350655,16.82888613,16.72873082,16.03456309,16.00009337
896761801.0000,20.99991046,20.99286991,18.49521774,15.76872553,16.88130811,16.82888675,16.72912512,16.03484723,16.00009565
898076701.0000,20.99991085,20.99705831,19.26436377,15.30850520,16.87729257,16.82888696,16.72951675,16.03513233,16.00009795
899391601.0000,20.99991105,20.99861974,19.83644438,14.98626769,16.87080619,16.82888684,16.72990572,16.03541819,16.00010029
900706501.0000,20.99991116,20.99920592,20.24159358,14.81494656,16.86156252,16.82888648,16.73029205,16.03570479,16.00010265
902021401.0000,20.99991130,20.99942838,20.51712198,14.79936743,16.84937332,16.82888602,16.73067576,16.03599214,16.00010504
903336301.0000,13.52451594,19.52767161,20.68411916,14.86419315,16.83410134,16.82888561,16.73105688,16.03628022,16.00010746
904651201.0000,11.43186920,16.89763682,20.70845676,15.00735138,16.81686063,16.82888535,16.73143542,16.03656902,16.00010991
905966101.0000,11.06512431,14.39417987,20.57045735,15.26846724,16.80122869,16.82888535,16.73181142,16.03685853,16.00011239
907281001.0000,11.00979590,12.69302817,20.10246604,15.68462976,16.78900843,16.82888570,16.73218490,16.03714875,16.00011489
908595901.0000,11.00157009,11.75955386,19.29849413,16.20118184,16.78092013,16.82888647,16.73255587,16.03743967,16.00011743
909910801.0000,11.00028340,11.31597716,18.20827944,16.76316167,16.77772188,16.82888770,16.73292437,16.03773128,16.00011999
911225701.0000,11.00006545,11.12491895,16.95216082,17.32435053,16.77887568,16.82888940,16.73329042,16.03802357,16.00012259
912540601.0000,11.00002517,11.04788571,15.67656227,17.84162543,16.78104515,16.82889154,16.73365404,16.03831653,16.00012522
913855501.0000,11.00001715,11.01811441,14.50674803,18.28037349,16.78504755,16.82889409,16.73401525,16.03861017,16.00012787
915170401.0000,11.00001553,11.00688728,13.52026179,18.60312100,16.79153518,16.82889697,16.73437407,16.03890446,16.00013056
916485301.0000,18.47541071,12.47423624,12.75636480,18.79979490,16.80078631,16.82890006,16.73473053,16.03919941,16.00013328
917800201.0000,20.56805831,15.10283744,12.26498710,18.85420832,16.81302871,16.82890325,16.73508465,16.03949501,16.00013602
919115101.0000,20.93480404,17.60582334,12.12992188,18.80544672,16.82834084,16.82890640,16.73543644,16.03979125,16.00013880
920430001.0000,20.99013328,19.30681737,12.32548717,18.69086573,16.84560250,16.82890940,16.73578594,16.04008812,16.00014162
921744901.0000,20.99835974,20.24023794,12.95074175,18.47042340,16.86123843,16.82891214,16.73613315,16.04038562,16.00014446
923059801.0000,20.99964686,20.68379616,13.93737654,18.07397393,16.87345213,16.82891450,16.73647811,16.04068374,16.00014733
924374701.0000,20.99986462,20.87484834,15.13196427,17.54485708,16.88153039,16.82891642,16.73682082,16.04098248,16.00015024
925689601.0000,20.99990426,20.95187996,16.37159931,16.94296186,16.88472749,16.82891788,16.73716132,16.04128183,16.00015318
927004501.0000,20.99991174,20.98165137,17.52064256,16.33159428,16.88352906,16.82891888,16.73749961,16.04158177,16.00015615
928319401.0000,20.99991328,20.99287911,18.49522267,15.76875971,16.88133083,16.82891943,16.73783571,16.04188232,16.00015916
929634301.0000,20.99991367,20.99706750,19.26437088,15.30853671,16.87731553,16.82891958,16.73816966,16.04218345,16.00016219
930949201.0000,20.99991386,20.99862892,19.83645361,14.98629593,16.87082946,16.82891938,16.73850145,16.04248517,16.00016527
932264101.0000,20.99991397,20.99921509,20.24160466,14.81497060,16.86158610,16.82891895,16.73883112,16.04278747,16.00016837
933579001.0000,20.99991410,20.99943757,20.51713453,14.79938719,16.84939724,16.82891843,16.73915868,16.04309035,16.00017151
934893901.0000,13.52451831,19.52768205,20.68413286,14.86421156,16.83412558,16.82891794,16.73948414,16.04339379,16.00017468
936208801.0000,11.43187093,16.89764783,20.70847163,15.00736703,16.81688501,16.82891762,16.73980753,16.04369779,16.00017788
937523701.0000,11.06512580,14.39418992,20.57047352,15.26847688,16.80125302,16.82891755,16.74012886,16.04400235,16.00018112
938838601.0000,11.00979733,12.69303653,20.10248447,15.68463486,16.78903262,16.82891783,16.74044814,16.04430746,16.00018440
940153501.0000,11.00157150,11.75956070,19.29851480,16.20118406,16.78094407,16.82891854,16.74076540,16.04461312,16.00018771
941468401.0000,11.00028480,11.31598298,18.20830190,16.76316261,16.77774540,16.82891970,16.74108065,16.04491932,16.00019105
942783301.0000,11.00006684,11.12492421,16.95218412,17.32435144,16.77889926,16.82892132,16.74139391,16.04522605,16.00019443
944098201.0000,11.00002657,11.04789068,15.67658526,17.84162739,16.78106862,16.82892340,16.74170519,16.04553332,16.00019784
945413101.0000,11.00001856,11.01811922,14.50676970,18.28037761,16.78507081,16.82892588,16.74201450,16.04584110,16.00020129
946728001.0000,11.00001694,11.00689202,13.52028147,18.60312794,16.79155812,16.82892869,16.74232186,16.04614941,16.00020478
