time,H1038,H2571,H4587,H6376,H7640,H9105,H9625,H9989,H10169
1.000000000000,29.45112441,29.44894707,29.44412790,29.43111177,29.41070793,29.32835576,29.01923448,28.42744811,28.13466885
1314901.000000,30.72531989,30.50728676,30.31973197,30.17529008,30.03549175,29.88410986,29.43425190,28.56994087,28.15745086
2629801.000000,30.72531968,30.50728697,30.31973221,30.17529041,30.03549219,29.88411029,29.43425245,28.56994145,28.15745094
3944701.000000,30.72531940,30.50728706,30.31973267,30.17529088,30.03549274,29.88411090,29.43425319,28.56994199,28.15745103
5259601.000000,30.72531920,30.50728717,30.31973290,30.17529121,30.03549314,29.88411131,29.43425364,28.56994227,28.15745109
6574501.000000,30.72531896,30.50728724,30.31973327,30.17529165,30.03549364,29.88411184,29.43425417,28.56994257,28.15745115
7889401.000000,30.72531878,30.50728730,30.31973348,30.17529195,30.03549402,29.88411223,29.43425453,28.56994275,28.15745119
9204301.000000,30.72531856,30.50728735,30.31973378,30.17529235,30.03549448,29.88411272,29.43425497,28.56994295,28.15745124
10519201.00000,30.72531838,30.50728738,30.31973396,30.17529262,30.03549483,29.88411308,29.43425529,28.56994309,28.15745127
11834101.00000,30.72531817,30.50728740,30.31973422,30.17529297,30.03549526,29.88411354,29.43425568,28.56994325,28.15745131
13149001.00000,30.72531800,30.50728741,30.31973437,30.17529322,30.03549558,29.88411388,29.43425596,28.56994337,28.15745133
14463901.00000,30.72531779,30.50728741,30.31973458,30.17529354,30.03549598,29.88411430,29.43425632,28.56994351,28.15745136
15778801.00000,30.72531762,30.50728740,30.31973471,30.17529376,30.03549628,29.88411461,29.43425657,28.56994361,28.15745138
17093701.00000,30.72531741,30.50728738,30.31973489,30.17529404,30.03549665,29.88411500,29.43425690,28.56994373,28.15745141
18408601.00000,30.72531723,30.50728734,30.31973498,30.17529423,30.03549692,29.88411529,29.43425713,28.56994382,28.15745142
19723501.00000,30.72531702,30.50728730,30.31973513,30.17529448,30.03549725,29.88411564,29.43425742,28.56994393,28.15745145
21038401.00000,30.72531684,30.50728725,30.31973520,30.17529465,30.03549749,29.88411590,29.43425763,28.56994401,28.15745146
22353301.00000,30.72531661,30.50728719,30.31973531,30.17529486,30.03549779,29.88411622,29.43425789,28.56994410,28.15745148
23668201.00000,30.72531642,30.50728712,30.31973536,30.17529501,30.03549801,29.88411645,29.43425808,28.56994417,28.15745149
24983101.00000,30.72531619,30.50728704,30.31973545,30.17529519,30.03549828,29.88411674,29.43425832,28.56994426,28.15745151
26298001.00000,30.72531600,30.50728696,30.31973548,30.17529531,30.03549847,29.88411694,29.43425848,28.56994432,28.15745152
27612901.00000,30.72531576,30.50728686,30.31973553,30.17529546,30.03549871,29.88411719,29.43425869,28.56994439,28.15745153
28927801.00000,30.72531556,30.50728676,30.31973554,30.17529556,30.03549887,29.88411737,29.43425884,28.56994445,28.15745154
30242701.00000,30.72531531,30.50728664,30.31973557,30.17529569,30.03549908,29.88411760,29.43425902,28.56994451,28.15745155
31557601.00000,30.72531510,30.50728653,30.31973556,30.17529576,30.03549922,29.88411775,29.43425914,28.56994456,28.15745156
32872501.00000,30.72531484,30.50728639,30.31973557,30.17529586,30.03549940,29.88411794,29.43425930,28.56994461,28.15745157
34187401.00000,30.72531463,30.50728627,30.31973554,30.17529592,30.03549952,29.88411807,29.43425940,28.56994465,28.15745158
35502301.00000,30.72531436,30.50728612,30.31973552,30.17529599,30.03549966,29.88411823,29.43425953,28.56994470,28.15745159
36817201.00000,30.72531414,30.50728598,30.31973548,30.17529602,30.03549976,29.88411834,29.43425962,28.56994473,28.15745159
38132101.00000,30.72531386,30.50728581,30.31973544,30.17529607,30.03549988,29.88411848,29.43425973,28.56994477,28.15745160
39447001.00000,30.72531363,30.50728567,30.31973538,30.17529608,30.03549995,29.88411857,29.43425980,28.56994479,28.15745160
40761901.00000,30.72531335,30.50728549,30.31973532,30.17529610,30.03550004,29.88411867,29.43425989,28.56994482,28.15745161
42076801.00000,30.72531311,30.50728533,30.31973524,30.17529610,30.03550010,29.88411874,29.43425995,28.56994484,28.15745161
43391701.00000,30.72531282,30.50728513,30.31973516,30.17529610,30.03550016,29.88411882,29.43426001,28.56994487,28.15745162
44706601.00000,30.72531258,30.50728497,30.31973507,30.17529608,30.03550020,29.88411887,29.43426005,28.56994488,28.15745162
46021501.00000,30.72531228,30.50728476,30.31973497,30.17529606,30.03550024,29.88411892,29.43426010,28.56994490,28.15745162
47336401.00000,30.72531203,30.50728458,30.31973487,30.17529602,30.03550026,29.88411895,29.43426012,28.56994491,28.15745163
48651301.00000,30.72531173,30.50728436,30.31973476,30.17529598,30.03550028,29.88411898,29.43426015,28.56994492,28.15745163
49966201.00000,30.72531148,30.50728418,30.31973464,30.17529593,30.03550028,29.88411899,29.43426016,28.56994492,28.15745163
51281101.00000,30.72531116,30.50728394,30.31973451,30.17529586,30.03550027,29.88411900,29.43426017,28.56994492,28.15745163
52596001.00000,30.72531091,30.50728375,30.31973438,30.17529580,30.03550026,29.88411900,29.43426017,28.56994492,28.15745163
53910901.00000,30.72531059,30.50728350,30.31973423,30.17529571,30.03550023,29.88411899,29.43426016,28.56994492,28.15745163
55225801.00000,30.72531033,30.50728331,30.31973409,30.17529564,30.03550020,29.88411897,29.43426015,28.56994492,28.15745163
56540701.00000,30.72531000,30.50728305,30.31973393,30.17529554,30.03550016,29.88411894,29.43426013,28.56994491,28.15745163
57855601.00000,30.72530974,30.50728284,30.31973379,30.17529545,30.03550011,29.88411891,29.43426011,28.56994490,28.15745163
59170501.00000,30.72530940,30.50728258,30.31973361,30.17529533,30.03550005,29.88411886,29.43426007,28.56994489,28.15745163
60485401.00000,30.72530914,30.50728237,30.31973345,30.17529523,30.03549999,29.88411881,29.43426003,28.56994487,28.15745163
61800301.00000,30.72530880,30.50728209,30.31973327,30.17529509,30.03549991,29.88411874,29.43425998,28.56994486,28.15745162
63115201.00000,30.72530853,30.50728187,30.31973310,30.17529498,30.03549984,29.88411868,29.43425994,28.56994484,28.15745162
64430101.00000,30.72530819,30.50728159,30.31973290,30.17529483,30.03549974,29.88411860,29.43425988,28.56994482,28.15745162
65745001.00000,30.72530791,30.50728137,30.31973272,30.17529471,30.03549965,29.88411853,29.43425982,28.56994480,28.15745161
67059901.00000,30.72530757,30.50728108,30.31973251,30.17529455,30.03549954,29.88411843,29.43425975,28.56994477,28.15745161
68374801.00000,30.72530729,30.50728085,30.31973233,30.17529442,30.03549945,29.88411835,29.43425969,28.56994475,28.15745161
69689701.00000,30.72530694,30.50728055,30.31973211,30.17529424,30.03549932,29.88411824,29.43425960,28.56994472,28.15745160
71004601.00000,30.72530666,30.50728032,30.31973192,30.17529410,30.03549921,29.88411815,29.43425953,28.56994470,28.15745160
72319501.00000,30.72530630,30.50728002,30.31973169,30.17529392,30.03549907,29.88411802,29.43425943,28.56994466,28.15745159
73634401.00000,30.72530602,30.50727978,30.31973149,30.17529376,30.03549896,29.88411792,29.43425936,28.56994463,28.15745159
74949301.00000,30.72530566,30.50727947,30.31973125,30.17529357,30.03549880,29.88411778,29.43425925,28.56994460,28.15745158
76264201.00000,30.72530538,30.50727923,30.31973105,30.17529341,30.03549868,29.88411767,29.43425917,28.56994457,28.15745158
77579101.00000,30.72530502,30.50727891,30.31973080,30.17529320,30.03549851,29.88411752,29.43425905,28.56994453,28.15745157
78894001.00000,30.72530473,30.50727866,30.31973059,30.17529303,30.03549838,29.88411740,29.43425896,28.56994449,28.15745157
80208901.00000,30.72530437,30.50727835,30.31973033,30.17529282,30.03549820,29.88411724,29.43425884,28.56994445,28.15745156
81523801.00000,30.72530408,30.50727809,30.31973012,30.17529264,30.03549807,29.88411712,29.43425874,28.56994442,28.15745156
82838701.00000,30.72530371,30.50727777,30.31972986,30.17529242,30.03549788,29.88411695,29.43425861,28.56994437,28.15745155
84153601.00000,30.72530342,30.50727752,30.31972964,30.17529224,30.03549773,29.88411681,29.43425851,28.56994433,28.15745154
85468501.00000,30.72530305,30.50727719,30.31972937,30.17529201,30.03549753,29.88411663,29.43425837,28.56994429,28.15745154
86783401.00000,30.72530276,30.50727693,30.31972914,30.17529182,30.03549738,29.88411649,29.43425826,28.56994425,28.15745153
88098301.00000,30.72530239,30.50727660,30.31972887,30.17529158,30.03549718,29.88411630,29.43425812,28.56994420,28.15745152
89413201.00000,30.72530210,30.50727634,30.31972864,30.17529139,30.03549702,29.88411616,29.43425801,28.56994416,28.15745151
90728101.00000,30.72530173,30.50727600,30.31972836,30.17529114,30.03549680,29.88411596,29.43425786,28.56994410,28.15745151
92043001.00000,30.72530143,30.50727574,30.31972812,30.17529094,30.03549664,29.88411581,29.43425774,28.56994406,28.15745150
93357901.00000,30.72530106,30.50727540,30.31972784,30.17529069,30.03549642,29.88411561,29.43425758,28.56994401,28.15745149
94672801.00000,30.72530076,30.50727514,30.31972760,30.17529049,30.03549624,29.88411545,29.43425746,28.56994397,28.15745148
95987701.00000,30.72530039,30.50727480,30.31972731,30.17529023,30.03549602,29.88411524,29.43425730,28.56994391,28.15745148
97302601.00000,30.72530009,30.50727453,30.31972707,30.17529002,30.03549584,29.88411508,29.43425718,28.56994387,28.15745147
98617501.00000,30.72529972,30.50727418,30.31972678,30.17528976,30.03549561,29.88411486,29.43425701,28.56994381,28.15745146
99932401.00000,30.72529942,30.50727391,30.31972653,30.17528955,30.03549543,29.88411469,29.43425688,28.56994376,28.15745145
101247301.0000,30.72529904,30.50727357,30.31972623,30.17528928,30.03549519,29.88411447,29.43425671,28.56994370,28.15745144
102562201.0000,30.72529875,30.50727330,30.31972599,30.17528907,30.03549500,29.88411430,29.43425658,28.56994366,28.15745144
103877101.0000,30.72529837,30.50727295,30.31972569,30.17528879,30.03549476,29.88411407,29.43425641,28.56994360,28.15745143
105192001.0000,30.72529807,30.50727268,30.31972544,30.17528857,30.03549457,29.88411390,29.43425627,28.56994355,28.15745142
106506901.0000,30.72529769,30.50727233,30.31972513,30.17528830,30.03549432,29.88411367,29.43425610,28.56994349,28.15745141
107821801.0000,30.72529739,30.50727205,30.31972488,30.17528808,30.03549412,29.88411349,29.43425596,28.56994344,28.15745140
109136701.0000,30.72529702,30.50727170,30.31972457,30.17528779,30.03549387,29.88411325,29.43425578,28.56994338,28.15745139
110451601.0000,30.72529672,30.50727143,30.31972432,30.17528757,30.03549367,29.88411307,29.43425564,28.56994333,28.15745138
111766501.0000,30.72529634,30.50727108,30.31972401,30.17528728,30.03549341,29.88411283,29.43425546,28.56994326,28.15745137
113081401.0000,30.72529604,30.50727080,30.31972376,30.17528706,30.03549322,29.88411265,29.43425532,28.56994322,28.15745137
114396301.0000,30.72529566,30.50727045,30.31972344,30.17528677,30.03549295,29.88411241,29.43425513,28.56994315,28.15745135
115711201.0000,30.72529536,30.50727017,30.31972319,30.17528654,30.03549275,29.88411222,29.43425499,28.56994310,28.15745135
117026101.0000,30.72529499,30.50726981,30.31972287,30.17528625,30.03549249,29.88411197,29.43425480,28.56994303,28.15745134
118341001.0000,30.72529469,30.50726954,30.31972262,30.17528602,30.03549228,29.88411178,29.43425465,28.56994298,28.15745133
119655901.0000,30.72529431,30.50726918,30.31972230,30.17528573,30.03549201,29.88411153,29.43425446,28.56994292,28.15745132
120970801.0000,30.72529401,30.50726891,30.31972204,30.17528550,30.03549181,29.88411134,29.43425431,28.56994287,28.15745131
122285701.0000,30.72529363,30.50726855,30.31972172,30.17528520,30.03549154,29.88411109,29.43425412,28.56994280,28.15745130
123600601.0000,30.72529333,30.50726827,30.31972146,30.17528497,30.03549133,29.88411090,29.43425397,28.56994275,28.15745129
124915501.0000,30.72529296,30.50726792,30.31972114,30.17528467,30.03549106,29.88411064,29.43425378,28.56994268,28.15745128
126230401.0000,30.72529266,30.50726764,30.31972088,30.17528444,30.03549085,29.88411045,29.43425363,28.56994263,28.15745127
127545301.0000,30.72529228,30.50726728,30.31972056,30.17528414,30.03549057,29.88411019,29.43425343,28.56994256,28.15745126
128860201.0000,30.72529199,30.50726700,30.31972030,30.17528390,30.03549036,29.88411000,29.43425328,28.56994251,28.15745125
130175101.0000,30.72529161,30.50726665,30.31971998,30.17528360,30.03549008,29.88410974,29.43425309,28.56994244,28.15745124
131490001.0000,30.72529131,30.50726637,30.31971972,30.17528336,30.03548987,29.88410954,29.43425293,28.56994238,28.15745123
132804901.0000,30.72529094,30.50726601,30.31971940,30.17528306,30.03548959,29.88410928,29.43425274,28.56994232,28.15745122
134119801.0000,30.72529064,30.50726573,30.31971913,30.17528282,30.03548938,29.88410908,29.43425258,28.56994226,28.15745121
135434701.0000,30.72529027,30.50726538,30.31971881,30.17528252,30.03548909,29.88410882,29.43425238,28.56994219,28.15745120
136749601.0000,30.72528997,30.50726510,30.31971855,30.17528228,30.03548888,29.88410862,29.43425223,28.56994214,28.15745119
138064501.0000,30.72528960,30.50726474,30.31971823,30.17528198,30.03548860,29.88410836,29.43425203,28.56994207,28.15745118
139379401.0000,30.72528930,30.50726447,30.31971796,30.17528174,30.03548838,29.88410816,29.43425188,28.56994202,28.15745117
140694301.0000,30.72528893,30.50726411,30.31971764,30.17528143,30.03548810,29.88410789,29.43425168,28.56994195,28.15745116
142009201.0000,30.72528864,30.50726383,30.31971738,30.17528120,30.03548788,29.88410769,29.43425152,28.56994189,28.15745115
143324101.0000,30.72528827,30.50726348,30.31971705,30.17528089,30.03548760,29.88410743,29.43425132,28.56994182,28.15745114
144639001.0000,30.72528797,30.50726320,30.31971679,30.17528065,30.03548738,29.88410723,29.43425117,28.56994177,28.15745113
145953901.0000,30.72528760,30.50726285,30.31971647,30.17528034,30.03548710,29.88410696,29.43425096,28.56994170,28.15745112
147268801.0000,30.72528731,30.50726257,30.31971621,30.17528011,30.03548688,29.88410676,29.43425081,28.56994165,28.15745111
148583701.0000,30.72528694,30.50726222,30.31971588,30.17527980,30.03548660,29.88410649,29.43425061,28.56994158,28.15745110
149898601.0000,30.72528665,30.50726194,30.31971562,30.17527956,30.03548638,29.88410629,29.43425045,28.56994152,28.15745109
151213501.0000,30.72528628,30.50726159,30.31971530,30.17527925,30.03548609,29.88410603,29.43425025,28.56994145,28.15745108
152528401.0000,30.72528599,30.50726132,30.31971504,30.17527901,30.03548587,29.88410582,29.43425009,28.56994140,28.15745107
153843301.0000,30.72528562,30.50726096,30.31971471,30.17527871,30.03548559,29.88410556,29.43424989,28.56994133,28.15745106
155158201.0000,30.72528534,30.50726069,30.31971445,30.17527847,30.03548537,29.88410535,29.43424973,28.56994127,28.15745105
156473101.0000,30.72528497,30.50726034,30.31971413,30.17527816,30.03548508,29.88410509,29.43424953,28.56994120,28.15745104
157788001.0000,30.72528468,30.50726007,30.31971387,30.17527792,30.03548487,29.88410489,29.43424938,28.56994115,28.15745103
159102901.0000,30.72528432,30.50725972,30.31971355,30.17527762,30.03548458,29.88410462,29.43424917,28.56994108,28.15745102
160417801.0000,30.72528403,30.50725944,30.31971329,30.17527738,30.03548436,29.88410442,29.43424902,28.56994102,28.15745101
161732701.0000,30.72528367,30.50725909,30.31971297,30.17527707,30.03548408,29.88410415,29.43424881,28.56994095,28.15745100
163047601.0000,30.72528339,30.50725882,30.31971271,30.17527683,30.03548386,29.88410395,29.43424866,28.56994090,28.15745099
164362501.0000,30.72528302,30.50725848,30.31971239,30.17527653,30.03548357,29.88410368,29.43424846,28.56994083,28.15745098
165677401.0000,30.72528274,30.50725821,30.31971213,30.17527629,30.03548336,29.88410348,29.43424830,28.56994078,28.15745097
166992301.0000,30.72528238,30.50725786,30.31971181,30.17527599,30.03548307,29.88410321,29.43424810,28.56994071,28.15745096
168307201.0000,30.72528210,30.50725759,30.31971155,30.17527575,30.03548285,29.88410301,29.43424795,28.56994065,28.15745095
169622101.0000,30.72528174,30.50725724,30.31971123,30.17527545,30.03548257,29.88410275,29.43424774,28.56994058,28.15745094
170937001.0000,30.72528146,30.50725698,30.31971097,30.17527521,30.03548235,29.88410254,29.43424759,28.56994053,28.15745094
172251901.0000,30.72528110,30.50725663,30.31971066,30.17527491,30.03548207,29.88410228,29.43424739,28.56994046,28.15745092
173566801.0000,30.72528082,30.50725636,30.31971040,30.17527467,30.03548185,29.88410208,29.43424723,28.56994041,28.15745092
174881701.0000,30.72528047,30.50725602,30.31971008,30.17527437,30.03548157,29.88410181,29.43424703,28.56994034,28.15745090
176196601.0000,30.72528019,30.50725576,30.31970983,30.17527413,30.03548135,29.88410161,29.43424688,28.56994028,28.15745090
177511501.0000,30.72527983,30.50725541,30.31970951,30.17527383,30.03548107,29.88410135,29.43424668,28.56994021,28.15745088
178826401.0000,30.72527956,30.50725515,30.31970926,30.17527359,30.03548085,29.88410115,29.43424652,28.56994016,28.15745088
180141301.0000,30.72527921,30.50725481,30.31970894,30.17527329,30.03548057,29.88410088,29.43424632,28.56994009,28.15745086
181456201.0000,30.72527893,30.50725455,30.31970869,30.17527306,30.03548035,29.88410068,29.43424617,28.56994004,28.15745086
182771101.0000,30.72527858,30.50725421,30.31970837,30.17527276,30.03548007,29.88410042,29.43424597,28.56993997,28.15745085
184086001.0000,30.72527831,30.50725395,30.31970812,30.17527253,30.03547986,29.88410022,29.43424582,28.56993991,28.15745084
185400901.0000,30.72527796,30.50725361,30.31970781,30.17527223,30.03547958,29.88409996,29.43424562,28.56993985,28.15745083
186715801.0000,30.72527768,30.50725335,30.31970756,30.17527199,30.03547936,29.88409976,29.43424547,28.56993979,28.15745082
188030701.0000,30.72527734,30.50725301,30.31970725,30.17527170,30.03547908,29.88409950,29.43424527,28.56993972,28.15745081
189345601.0000,30.72527707,30.50725275,30.31970700,30.17527147,30.03547887,29.88409930,29.43424512,28.56993967,28.15745080
190660501.0000,30.72527672,30.50725242,30.31970669,30.17527117,30.03547859,29.88409904,29.43424492,28.56993960,28.15745079
191975401.0000,30.72527645,30.50725216,30.31970644,30.17527094,30.03547838,29.88409884,29.43424477,28.56993955,28.15745078
193290301.0000,30.72527611,30.50725183,30.31970613,30.17527064,30.03547810,29.88409858,29.43424457,28.56993948,28.15745077
194605201.0000,30.72527584,30.50725157,30.31970588,30.17527041,30.03547789,29.88409839,29.43424442,28.56993943,28.15745076
195920101.0000,30.72527550,30.50725124,30.31970557,30.17527012,30.03547761,29.88409813,29.43424422,28.56993936,28.15745075
197235001.0000,30.72527523,30.50725098,30.31970533,30.17526989,30.03547740,29.88409793,29.43424407,28.56993931,28.15745074
198549901.0000,30.72527489,30.50725065,30.31970502,30.17526960,30.03547712,29.88409767,29.43424388,28.56993924,28.15745073
199864801.0000,30.72527463,30.50725040,30.31970477,30.17526937,30.03547691,29.88409748,29.43424373,28.56993919,28.15745072
201179701.0000,30.72527429,30.50725007,30.31970447,30.17526908,30.03547664,29.88409722,29.43424353,28.56993912,28.15745071
202494601.0000,30.72527402,30.50724982,30.31970423,30.17526885,30.03547643,29.88409703,29.43424338,28.56993907,28.15745070
203809501.0000,30.72527369,30.50724949,30.31970392,30.17526856,30.03547615,29.88409677,29.43424319,28.56993901,28.15745069
205124401.0000,30.72527342,30.50724924,30.31970368,30.17526833,30.03547595,29.88409658,29.43424304,28.56993895,28.15745068
206439301.0000,30.72527309,30.50724891,30.31970338,30.17526804,30.03547567,29.88409632,29.43424285,28.56993889,28.15745067
207754201.0000,30.72527283,30.50724866,30.31970313,30.17526782,30.03547547,29.88409613,29.43424270,28.56993884,28.15745066
209069101.0000,30.72527250,30.50724834,30.31970283,30.17526753,30.03547519,29.88409588,29.43424251,28.56993877,28.15745065
210384001.0000,30.72527224,30.50724809,30.31970259,30.17526731,30.03547499,29.88409569,29.43424236,28.56993872,28.15745065
211698901.0000,30.72527191,30.50724777,30.31970229,30.17526702,30.03547472,29.88409543,29.43424217,28.56993865,28.15745063
213013801.0000,30.72527165,30.50724752,30.31970205,30.17526680,30.03547451,29.88409524,29.43424202,28.56993860,28.15745063
214328701.0000,30.72527132,30.50724720,30.31970176,30.17526651,30.03547424,29.88409499,29.43424183,28.56993854,28.15745062
215643601.0000,30.72527106,30.50724696,30.31970152,30.17526629,30.03547404,29.88409480,29.43424169,28.56993849,28.15745061
216958501.0000,30.72527074,30.50724664,30.31970122,30.17526600,30.03547377,29.88409455,29.43424150,28.56993842,28.15745060
218273401.0000,30.72527048,30.50724639,30.31970098,30.17526578,30.03547356,29.88409436,29.43424135,28.56993837,28.15745059
219588301.0000,30.72527016,30.50724608,30.31970069,30.17526550,30.03547330,29.88409411,29.43424116,28.56993831,28.15745058
220903201.0000,30.72526990,30.50724583,30.31970045,30.17526528,30.03547309,29.88409392,29.43424102,28.56993826,28.15745057
222218101.0000,30.72526958,30.50724552,30.31970016,30.17526500,30.03547283,29.88409368,29.43424083,28.56993819,28.15745056
223533001.0000,30.72526933,30.50724528,30.31969993,30.17526478,30.03547263,29.88409349,29.43424069,28.56993814,28.15745055
224847901.0000,30.72526901,30.50724497,30.31969963,30.17526450,30.03547236,29.88409324,29.43424050,28.56993808,28.15745054
226162801.0000,30.72526876,30.50724472,30.31969940,30.17526428,30.03547216,29.88409305,29.43424036,28.56993803,28.15745053
227477701.0000,30.72526844,30.50724441,30.31969911,30.17526401,30.03547190,29.88409281,29.43424017,28.56993796,28.15745052
228792601.0000,30.72526819,30.50724417,30.31969888,30.17526379,30.03547170,29.88409262,29.43424003,28.56993791,28.15745052
230107501.0000,30.72526787,30.50724387,30.31969859,30.17526351,30.03547144,29.88409238,29.43423984,28.56993785,28.15745051
231422401.0000,30.72526762,30.50724363,30.31969836,30.17526330,30.03547124,29.88409219,29.43423970,28.56993780,28.15745050
232737301.0000,30.72526731,30.50724332,30.31969807,30.17526302,30.03547098,29.88409195,29.43423952,28.56993774,28.15745049
234052201.0000,30.72526706,30.50724308,30.31969784,30.17526281,30.03547078,29.88409177,29.43423938,28.56993769,28.15745048
235367101.0000,30.72526675,30.50724278,30.31969756,30.17526253,30.03547052,29.88409153,29.43423919,28.56993762,28.15745047
236682001.0000,30.72526650,30.50724254,30.31969733,30.17526232,30.03547032,29.88409134,29.43423905,28.56993758,28.15745046
237996901.0000,30.72526619,30.50724224,30.31969705,30.17526205,30.03547007,29.88409110,29.43423887,28.56993751,28.15745045
239311801.0000,30.72526595,30.50724200,30.31969682,30.17526184,30.03546987,29.88409092,29.43423873,28.56993747,28.15745044
240626701.0000,30.72526564,30.50724170,30.31969654,30.17526156,30.03546961,29.88409068,29.43423855,28.56993740,28.15745043
241941601.0000,30.72526539,30.50724147,30.31969631,30.17526135,30.03546942,29.88409050,29.43423841,28.56993735,28.15745043
243256501.0000,30.72526509,30.50724117,30.31969603,30.17526108,30.03546916,29.88409026,29.43423823,28.56993729,28.15745042
244571401.0000,30.72526485,30.50724094,30.31969581,30.17526088,30.03546897,29.88409008,29.43423809,28.56993725,28.15745041
245886301.0000,30.72526454,30.50724064,30.31969553,30.17526061,30.03546871,29.88408984,29.43423791,28.56993718,28.15745040
247201201.0000,30.72526430,30.50724041,30.31969530,30.17526040,30.03546852,29.88408967,29.43423777,28.56993714,28.15745039
248516101.0000,30.72526400,30.50724011,30.31969503,30.17526013,30.03546827,29.88408943,29.43423760,28.56993707,28.15745038
249831001.0000,30.72526376,30.50723988,30.31969480,30.17525992,30.03546808,29.88408925,29.43423746,28.56993703,28.15745037
251145901.0000,30.72526346,30.50723959,30.31969453,30.17525966,30.03546783,29.88408902,29.43423728,28.56993697,28.15745036
252460801.0000,30.72526322,30.50723936,30.31969431,30.17525945,30.03546764,29.88408884,29.43423715,28.56993692,28.15745036
253775701.0000,30.72526292,30.50723907,30.31969403,30.17525919,30.03546739,29.88408861,29.43423697,28.56993686,28.15745035
255090601.0000,30.72526268,30.50723884,30.31969381,30.17525898,30.03546720,29.88408843,29.43423683,28.56993681,28.15745034
256405501.0000,30.72526239,30.50723855,30.31969354,30.17525872,30.03546695,29.88408820,29.43423666,28.56993675,28.15745033
257720401.0000,30.72526215,30.50723833,30.31969332,30.17525852,30.03546676,29.88408802,29.43423652,28.56993670,28.15745032
259035301.0000,30.72526186,30.50723804,30.31969305,30.17525826,30.03546651,29.88408779,29.43423635,28.56993664,28.15745031
260350201.0000,30.72526162,30.50723781,30.31969283,30.17525806,30.03546632,29.88408762,29.43423622,28.56993660,28.15745031
261665101.0000,30.72526133,30.50723752,30.31969256,30.17525780,30.03546608,29.88408739,29.43423604,28.56993654,28.15745030
262980001.0000,30.72526110,30.50723730,30.31969235,30.17525759,30.03546589,29.88408722,29.43423591,28.56993649,28.15745029
264294901.0000,30.72526080,30.50723702,30.31969208,30.17525734,30.03546565,29.88408699,29.43423574,28.56993643,28.15745028
265609801.0000,30.72526057,30.50723680,30.31969187,30.17525714,30.03546546,29.88408681,29.43423561,28.56993639,28.15745027
266924701.0000,30.72526028,30.50723651,30.31969160,30.17525688,30.03546522,29.88408659,29.43423543,28.56993633,28.15745026
268239601.0000,30.72526006,30.50723629,30.31969139,30.17525668,30.03546503,29.88408642,29.43423530,28.56993628,28.15745025
269554501.0000,30.72525977,30.50723601,30.31969112,30.17525642,30.03546479,29.88408619,29.43423513,28.56993622,28.15745025
270869401.0000,30.72525954,30.50723579,30.31969091,30.17525623,30.03546461,29.88408602,29.43423500,28.56993618,28.15745024
272184301.0000,30.72525925,30.50723551,30.31969065,30.17525597,30.03546437,29.88408580,29.43423483,28.56993612,28.15745023
273499201.0000,30.72525903,30.50723529,30.31969044,30.17525578,30.03546419,29.88408563,29.43423470,28.56993608,28.15745022
274814101.0000,30.72525874,30.50723501,30.31969017,30.17525552,30.03546395,29.88408540,29.43423453,28.56993602,28.15745021
276129001.0000,30.72525852,30.50723480,30.31968996,30.17525533,30.03546376,29.88408523,29.43423440,28.56993597,28.15745021
277443901.0000,30.72525823,30.50723452,30.31968970,30.17525508,30.03546353,29.88408501,29.43423423,28.56993591,28.15745020
278758801.0000,30.72525801,30.50723431,30.31968950,30.17525488,30.03546335,29.88408485,29.43423411,28.56993587,28.15745019
280073701.0000,30.72525773,30.50723403,30.31968924,30.17525463,30.03546311,29.88408462,29.43423394,28.56993581,28.15745018
281388601.0000,30.72525751,30.50723382,30.31968903,30.17525444,30.03546293,29.88408446,29.43423381,28.56993577,28.15745017
282703501.0000,30.72525723,30.50723354,30.31968877,30.17525419,30.03546270,29.88408424,29.43423365,28.56993571,28.15745016
284018401.0000,30.72525701,30.50723333,30.31968857,30.17525400,30.03546252,29.88408407,29.43423352,28.56993567,28.15745016
285333301.0000,30.72525673,30.50723306,30.31968831,30.17525375,30.03546228,29.88408385,29.43423335,28.56993561,28.15745015
286648201.0000,30.72525651,30.50723285,30.31968811,30.17525356,30.03546211,29.88408369,29.43423323,28.56993557,28.15745014
287963101.0000,30.72525623,30.50723258,30.31968785,30.17525332,30.03546187,29.88408347,29.43423306,28.56993551,28.15745013
289278001.0000,30.72525601,30.50723237,30.31968765,30.17525313,30.03546170,29.88408331,29.43423294,28.56993547,28.15745012
290592901.0000,30.72525574,30.50723210,30.31968740,30.17525288,30.03546147,29.88408309,29.43423277,28.56993541,28.15745012
291907801.0000,30.72525552,30.50723189,30.31968719,30.17525269,30.03546129,29.88408293,29.43423265,28.56993537,28.15745011
293222701.0000,30.72525525,30.50723162,30.31968694,30.17525245,30.03546106,29.88408272,29.43423249,28.56993531,28.15745010
294537601.0000,30.72525503,30.50723142,30.31968674,30.17525226,30.03546089,29.88408255,29.43423236,28.56993527,28.15745009
295852501.0000,30.72525476,30.50723115,30.31968649,30.17525202,30.03546066,29.88408234,29.43423220,28.56993521,28.15745008
297167401.0000,30.72525455,30.50723094,30.31968629,30.17525184,30.03546048,29.88408218,29.43423208,28.56993517,28.15745008
298482301.0000,30.72525428,30.50723068,30.31968604,30.17525160,30.03546026,29.88408197,29.43423192,28.56993512,28.15745007
299797201.0000,30.72525407,30.50723047,30.31968585,30.17525141,30.03546008,29.88408181,29.43423179,28.56993507,28.15745006
301112101.0000,30.72525380,30.50723021,30.31968560,30.17525117,30.03545986,29.88408160,29.43423163,28.56993502,28.15745005
302427001.0000,30.72525359,30.50723001,30.31968540,30.17525099,30.03545969,29.88408144,29.43423151,28.56993498,28.15745005
303741901.0000,30.72525332,30.50722975,30.31968516,30.17525075,30.03545946,29.88408123,29.43423135,28.56993492,28.15745004
305056801.0000,30.72525311,30.50722955,30.31968496,30.17525057,30.03545929,29.88408107,29.43423123,28.56993488,28.15745003
306371701.0000,30.72525285,30.50722929,30.31968472,30.17525033,30.03545907,29.88408086,29.43423108,28.56993482,28.15745002
307686601.0000,30.72525264,30.50722909,30.31968452,30.17525015,30.03545890,29.88408070,29.43423095,28.56993478,28.15745001
309001501.0000,30.72525237,30.50722883,30.31968428,30.17524992,30.03545868,29.88408050,29.43423080,28.56993473,28.15745001
310316401.0000,30.72525217,30.50722863,30.31968408,30.17524974,30.03545851,29.88408034,29.43423068,28.56993469,28.15745000
311631301.0000,30.72525190,30.50722837,30.31968384,30.17524950,30.03545829,29.88408013,29.43423052,28.56993463,28.15744999
312946201.0000,30.72525170,30.50722817,30.31968365,30.17524932,30.03545812,29.88407998,29.43423040,28.56993459,28.15744998
314261101.0000,30.72525144,30.50722792,30.31968341,30.17524909,30.03545790,29.88407977,29.43423025,28.56993454,28.15744998
315576001.0000,30.72525123,30.50722772,30.31968322,30.17524891,30.03545774,29.88407962,29.43423013,28.56993450,28.15744997
316890901.0000,30.72525097,30.50722747,30.31968298,30.17524868,30.03545752,29.88407942,29.43422997,28.56993445,28.15744996
318205801.0000,30.72525077,30.50722727,30.31968279,30.17524851,30.03545735,29.88407926,29.43422986,28.56993441,28.15744995
319520701.0000,30.72525051,30.50722702,30.31968255,30.17524828,30.03545713,29.88407906,29.43422970,28.56993435,28.15744995
320835601.0000,30.72525031,30.50722683,30.31968236,30.17524810,30.03545697,29.88407891,29.43422959,28.56993431,28.15744994
322150501.0000,30.72525006,30.50722658,30.31968213,30.17524787,30.03545675,29.88407870,29.43422943,28.56993426,28.15744993
323465401.0000,30.72524986,30.50722638,30.31968194,30.17524770,30.03545659,29.88407855,29.43422932,28.56993422,28.15744992
324780301.0000,30.72524960,30.50722613,30.31968171,30.17524747,30.03545638,29.88407835,29.43422917,28.56993417,28.15744992
326095201.0000,30.72524940,30.50722594,30.31968152,30.17524730,30.03545621,29.88407820,29.43422905,28.56993413,28.15744991
327410101.0000,30.72524915,30.50722569,30.31968129,30.17524707,30.03545600,29.88407800,29.43422890,28.56993408,28.15744990
328725001.0000,30.72524895,30.50722550,30.31968110,30.17524690,30.03545584,29.88407785,29.43422878,28.56993404,28.15744990
330039901.0000,30.72524870,30.50722526,30.31968087,30.17524667,30.03545563,29.88407765,29.43422863,28.56993398,28.15744989
331354801.0000,30.72524850,30.50722507,30.31968069,30.17524650,30.03545547,29.88407750,29.43422852,28.56993394,28.15744988
332669701.0000,30.72524825,30.50722482,30.31968046,30.17524628,30.03545525,29.88407731,29.43422837,28.56993389,28.15744987
333984601.0000,30.72524806,30.50722463,30.31968027,30.17524611,30.03545509,29.88407716,29.43422826,28.56993385,28.15744987
335299501.0000,30.72524781,30.50722439,30.31968004,30.17524589,30.03545489,29.88407696,29.43422811,28.56993380,28.15744986
336614401.0000,30.72524762,30.50722420,30.31967986,30.17524572,30.03545473,29.88407682,29.43422800,28.56993376,28.15744985
337929301.0000,30.72524737,30.50722396,30.31967963,30.17524550,30.03545452,29.88407662,29.43422785,28.56993371,28.15744984
339244201.0000,30.72524718,30.50722377,30.31967945,30.17524533,30.03545436,29.88407647,29.43422774,28.56993367,28.15744984
340559101.0000,30.72524693,30.50722353,30.31967923,30.17524511,30.03545415,29.88407628,29.43422759,28.56993362,28.15744983
341874001.0000,30.72524674,30.50722335,30.31967905,30.17524494,30.03545400,29.88407613,29.43422748,28.56993359,28.15744982
343188901.0000,30.72524649,30.50722311,30.31967882,30.17524472,30.03545379,29.88407594,29.43422733,28.56993354,28.15744982
344503801.0000,30.72524630,30.50722293,30.31967864,30.17524455,30.03545363,29.88407580,29.43422722,28.56993350,28.15744981
345818701.0000,30.72524606,30.50722269,30.31967842,30.17524434,30.03545343,29.88407561,29.43422708,28.56993345,28.15744980
347133601.0000,30.72524587,30.50722251,30.31967824,30.17524417,30.03545327,29.88407546,29.43422697,28.56993341,28.15744979
348448501.0000,30.72524563,30.50722227,30.31967802,30.17524396,30.03545307,29.88407527,29.43422682,28.56993336,28.15744979
349763401.0000,30.72524544,30.50722209,30.31967784,30.17524379,30.03545292,29.88407513,29.43422671,28.56993332,28.15744978
351078301.0000,30.72524520,30.50722185,30.31967762,30.17524358,30.03545271,29.88407494,29.43422657,28.56993327,28.15744977
352393201.0000,30.72524502,30.50722167,30.31967744,30.17524341,30.03545256,29.88407480,29.43422646,28.56993323,28.15744977
353708101.0000,30.72524478,30.50722144,30.31967723,30.17524320,30.03545236,29.88407461,29.43422632,28.56993319,28.15744976
355023001.0000,30.72524459,30.50722126,30.31967705,30.17524304,30.03545221,29.88407447,29.43422621,28.56993315,28.15744975
356337901.0000,30.72524435,30.50722103,30.31967683,30.17524283,30.03545201,29.88407428,29.43422607,28.56993310,28.15744975
357652801.0000,30.72524417,30.50722085,30.31967666,30.17524266,30.03545185,29.88407414,29.43422596,28.56993306,28.15744974
358967701.0000,30.72524393,30.50722062,30.31967644,30.17524245,30.03545165,29.88407395,29.43422582,28.56993301,28.15744973
360282601.0000,30.72524375,30.50722044,30.31967627,30.17524229,30.03545150,29.88407381,29.43422571,28.56993298,28.15744973
361597501.0000,30.72524352,30.50722021,30.31967605,30.17524208,30.03545131,29.88407363,29.43422557,28.56993293,28.15744972
362912401.0000,30.72524333,30.50722004,30.31967588,30.17524192,30.03545116,29.88407349,29.43422547,28.56993289,28.15744971
364227301.0000,30.72524310,30.50721981,30.31967567,30.17524172,30.03545096,29.88407331,29.43422533,28.56993284,28.15744970
365542201.0000,30.72524292,30.50721963,30.31967550,30.17524156,30.03545081,29.88407317,29.43422522,28.56993281,28.15744970
366857101.0000,30.72524269,30.50721941,30.31967528,30.17524135,30.03545061,29.88407298,29.43422508,28.56993276,28.15744969
368172001.0000,30.72524251,30.50721923,30.31967511,30.17524119,30.03545047,29.88407285,29.43422498,28.56993272,28.15744969
369486901.0000,30.72524228,30.50721901,30.31967490,30.17524099,30.03545027,29.88407267,29.43422484,28.56993268,28.15744968
370801801.0000,30.72524210,30.50721883,30.31967473,30.17524083,30.03545012,29.88407253,29.43422474,28.56993264,28.15744967
372116701.0000,30.72524187,30.50721861,30.31967452,30.17524063,30.03544993,29.88407235,29.43422460,28.56993259,28.15744966
373431601.0000,30.72524169,30.50721844,30.31967435,30.17524047,30.03544979,29.88407221,29.43422449,28.56993256,28.15744966
374746501.0000,30.72524147,30.50721822,30.31967415,30.17524027,30.03544959,29.88407203,29.43422436,28.56993251,28.15744965
376061401.0000,30.72524129,30.50721805,30.31967398,30.17524011,30.03544945,29.88407190,29.43422425,28.56993247,28.15744965
377376301.0000,30.72524106,30.50721782,30.31967377,30.17523991,30.03544926,29.88407172,29.43422412,28.56993243,28.15744964
378691201.0000,30.72524089,30.50721765,30.31967360,30.17523975,30.03544911,29.88407158,29.43422402,28.56993239,28.15744963
380006101.0000,30.72524066,30.50721743,30.31967340,30.17523955,30.03544892,29.88407141,29.43422388,28.56993235,28.15744962
381321001.0000,30.72524049,30.50721726,30.31967323,30.17523940,30.03544878,29.88407127,29.43422378,28.56993231,28.15744962
382635901.0000,30.72524026,30.50721705,30.31967303,30.17523920,30.03544859,29.88407110,29.43422365,28.56993226,28.15744961
383950801.0000,30.72524009,30.50721688,30.31967286,30.17523905,30.03544845,29.88407096,29.43422354,28.56993223,28.15744961
385265701.0000,30.72523987,30.50721666,30.31967266,30.17523885,30.03544826,29.88407079,29.43422341,28.56993218,28.15744960
386580601.0000,30.72523970,30.50721649,30.31967250,30.17523870,30.03544812,29.88407066,29.43422331,28.56993215,28.15744959
387895501.0000,30.72523948,30.50721628,30.31967229,30.17523850,30.03544793,29.88407048,29.43422318,28.56993210,28.15744959
389210401.0000,30.72523930,30.50721611,30.31967213,30.17523835,30.03544779,29.88407035,29.43422308,28.56993207,28.15744958
390525301.0000,30.72523908,30.50721590,30.31967193,30.17523815,30.03544760,29.88407018,29.43422295,28.56993202,28.15744957
391840201.0000,30.72523891,30.50721573,30.31967177,30.17523800,30.03544746,29.88407005,29.43422285,28.56993199,28.15744957
393155101.0000,30.72523870,30.50721552,30.31967157,30.17523781,30.03544728,29.88406987,29.43422272,28.56993194,28.15744956
394470001.0000,30.72523853,30.50721535,30.31967141,30.17523766,30.03544714,29.88406974,29.43422262,28.56993191,28.15744955
395784901.0000,30.72523831,30.50721514,30.31967121,30.17523746,30.03544695,29.88406957,29.43422249,28.56993186,28.15744955
397099801.0000,30.72523814,30.50721498,30.31967105,30.17523731,30.03544681,29.88406944,29.43422239,28.56993183,28.15744954
398414701.0000,30.72523792,30.50721477,30.31967085,30.17523712,30.03544663,29.88406927,29.43422226,28.56993179,28.15744954
399729601.0000,30.72523776,30.50721461,30.31967069,30.17523697,30.03544649,29.88406914,29.43422216,28.56993175,28.15744953
401044501.0000,30.72523754,30.50721440,30.31967049,30.17523678,30.03544631,29.88406897,29.43422203,28.56993171,28.15744952
402359401.0000,30.72523738,30.50721424,30.31967034,30.17523664,30.03544617,29.88406885,29.43422193,28.56993167,28.15744952
403674301.0000,30.72523716,30.50721403,30.31967014,30.17523645,30.03544599,29.88406868,29.43422181,28.56993163,28.15744951
404989201.0000,30.72523700,30.50721387,30.31966998,30.17523630,30.03544586,29.88406855,29.43422171,28.56993160,28.15744950
406304101.0000,30.72523679,30.50721366,30.31966979,30.17523611,30.03544568,29.88406838,29.43422158,28.56993155,28.15744950
407619001.0000,30.72523662,30.50721350,30.31966963,30.17523596,30.03544554,29.88406826,29.43422149,28.56993152,28.15744949
408933901.0000,30.72523641,30.50721329,30.31966944,30.17523578,30.03544536,29.88406809,29.43422136,28.56993148,28.15744949
410248801.0000,30.72523625,30.50721314,30.31966928,30.17523563,30.03544523,29.88406796,29.43422126,28.56993144,28.15744948
411563701.0000,30.72523604,30.50721293,30.31966909,30.17523545,30.03544505,29.88406780,29.43422114,28.56993140,28.15744947
412878601.0000,30.72523587,30.50721277,30.31966894,30.17523530,30.03544492,29.88406767,29.43422104,28.56993137,28.15744947
414193501.0000,30.72523567,30.50721257,30.31966875,30.17523512,30.03544474,29.88406751,29.43422092,28.56993132,28.15744946
415508401.0000,30.72523550,30.50721241,30.31966859,30.17523497,30.03544461,29.88406738,29.43422082,28.56993129,28.15744946
416823301.0000,30.72523530,30.50721221,30.31966840,30.17523479,30.03544443,29.88406722,29.43422070,28.56993125,28.15744945
418138201.0000,30.72523514,30.50721206,30.31966825,30.17523465,30.03544430,29.88406710,29.43422060,28.56993122,28.15744944
419453101.0000,30.72523493,30.50721185,30.31966806,30.17523446,30.03544412,29.88406694,29.43422048,28.56993117,28.15744944
420768001.0000,30.72523477,30.50721170,30.31966791,30.17523432,30.03544399,29.88406681,29.43422039,28.56993114,28.15744943
422082901.0000,30.72523457,30.50721150,30.31966772,30.17523414,30.03544382,29.88406665,29.43422026,28.56993110,28.15744943
423397801.0000,30.72523441,30.50721135,30.31966757,30.17523400,30.03544369,29.88406653,29.43422017,28.56993107,28.15744942
424712701.0000,30.72523421,30.50721115,30.31966738,30.17523382,30.03544351,29.88406637,29.43422005,28.56993103,28.15744941
426027601.0000,30.72523405,30.50721099,30.31966723,30.17523368,30.03544338,29.88406625,29.43421996,28.56993099,28.15744941
427342501.0000,30.72523385,30.50721080,30.31966705,30.17523350,30.03544321,29.88406609,29.43421983,28.56993095,28.15744940
428657401.0000,30.72523369,30.50721064,30.31966690,30.17523336,30.03544308,29.88406597,29.43421974,28.56993092,28.15744940
429972301.0000,30.72523349,30.50721045,30.31966671,30.17523318,30.03544291,29.88406581,29.43421962,28.56993088,28.15744939
431287201.0000,30.72523333,30.50721030,30.31966657,30.17523304,30.03544278,29.88406569,29.43421953,28.56993085,28.15744938
432602101.0000,30.72523313,30.50721010,30.31966638,30.17523286,30.03544261,29.88406553,29.43421941,28.56993081,28.15744938
433917001.0000,30.72523298,30.50720995,30.31966624,30.17523272,30.03544249,29.88406541,29.43421932,28.56993077,28.15744937
435231901.0000,30.72523278,30.50720976,30.31966605,30.17523255,30.03544232,29.88406525,29.43421920,28.56993073,28.15744937
436546801.0000,30.72523262,30.50720961,30.31966591,30.17523241,30.03544219,29.88406513,29.43421911,28.56993070,28.15744936
437861701.0000,30.72523243,30.50720941,30.31966573,30.17523223,30.03544202,29.88406498,29.43421899,28.56993066,28.15744936
439176601.0000,30.72523227,30.50720926,30.31966558,30.17523210,30.03544189,29.88406486,29.43421890,28.56993063,28.15744935
440491501.0000,30.72523208,30.50720907,30.31966540,30.17523192,30.03544173,29.88406470,29.43421878,28.56993059,28.15744934
441806401.0000,30.72523192,30.50720892,30.31966526,30.17523179,30.03544160,29.88406459,29.43421869,28.56993056,28.15744934
443121301.0000,30.72523173,30.50720873,30.31966508,30.17523161,30.03544144,29.88406443,29.43421857,28.56993052,28.15744933
444436201.0000,30.72523158,30.50720859,30.31966493,30.17523148,30.03544131,29.88406431,29.43421849,28.56993049,28.15744933
445751101.0000,30.72523138,30.50720840,30.31966475,30.17523131,30.03544115,29.88406416,29.43421837,28.56993045,28.15744932
447066001.0000,30.72523123,30.50720825,30.31966461,30.17523117,30.03544102,29.88406404,29.43421828,28.56993042,28.15744932
448380901.0000,30.72523104,30.50720806,30.31966443,30.17523100,30.03544086,29.88406389,29.43421816,28.56993038,28.15744931
449695801.0000,30.72523089,30.50720792,30.31966429,30.17523087,30.03544073,29.88406378,29.43421808,28.56993035,28.15744930
451010701.0000,30.72523070,30.50720773,30.31966411,30.17523070,30.03544057,29.88406362,29.43421796,28.56993031,28.15744930
452325601.0000,30.72523055,30.50720759,30.31966397,30.17523056,30.03544045,29.88406351,29.43421787,28.56993028,28.15744929
453640501.0000,30.72523036,30.50720740,30.31966380,30.17523039,30.03544029,29.88406336,29.43421776,28.56993024,28.15744929
454955401.0000,30.72523021,30.50720726,30.31966366,30.17523026,30.03544016,29.88406324,29.43421767,28.56993021,28.15744928
456270301.0000,30.72523002,30.50720707,30.31966348,30.17523009,30.03544000,29.88406309,29.43421756,28.56993017,28.15744928
457585201.0000,30.72522987,30.50720693,30.31966334,30.17522996,30.03543988,29.88406298,29.43421747,28.56993014,28.15744927
458900101.0000,30.72522969,30.50720674,30.31966317,30.17522979,30.03543972,29.88406283,29.43421736,28.56993010,28.15744927
460215001.0000,30.72522954,30.50720660,30.31966303,30.17522966,30.03543960,29.88406272,29.43421727,28.56993007,28.15744926
461529901.0000,30.72522935,30.50720642,30.31966286,30.17522950,30.03543944,29.88406257,29.43421716,28.56993003,28.15744925
462844801.0000,30.72522921,30.50720628,30.31966272,30.17522937,30.03543932,29.88406246,29.43421707,28.56993000,28.15744925
464159701.0000,30.72522902,30.50720609,30.31966255,30.17522920,30.03543916,29.88406231,29.43421696,28.56992996,28.15744924
465474601.0000,30.72522888,30.50720595,30.31966241,30.17522907,30.03543904,29.88406220,29.43421688,28.56992993,28.15744924
466789501.0000,30.72522869,30.50720577,30.31966224,30.17522891,30.03543888,29.88406205,29.43421676,28.56992989,28.15744923
468104401.0000,30.72522855,30.50720563,30.31966210,30.17522878,30.03543876,29.88406194,29.43421668,28.56992986,28.15744923
469419301.0000,30.72522836,30.50720545,30.31966193,30.17522862,30.03543861,29.88406179,29.43421657,28.56992983,28.15744922
470734201.0000,30.72522822,30.50720531,30.31966180,30.17522849,30.03543849,29.88406168,29.43421648,28.56992980,28.15744922
472049101.0000,30.72522804,30.50720514,30.31966163,30.17522832,30.03543833,29.88406154,29.43421637,28.56992976,28.15744921
473364001.0000,30.72522789,30.50720500,30.31966150,30.17522820,30.03543822,29.88406143,29.43421629,28.56992973,28.15744921
474678901.0000,30.72522771,30.50720482,30.31966133,30.17522804,30.03543806,29.88406128,29.43421618,28.56992969,28.15744920
475993801.0000,30.72522757,30.50720468,30.31966119,30.17522791,30.03543794,29.88406117,29.43421610,28.56992966,28.15744920
477308701.0000,30.72522739,30.50720451,30.31966103,30.17522775,30.03543779,29.88406103,29.43421599,28.56992963,28.15744919
478623601.0000,30.72522725,30.50720437,30.31966089,30.17522762,30.03543767,29.88406092,29.43421591,28.56992960,28.15744919
479938501.0000,30.72522707,30.50720419,30.31966073,30.17522746,30.03543752,29.88406078,29.43421580,28.56992956,28.15744918
481253401.0000,30.72522693,30.50720406,30.31966060,30.17522734,30.03543740,29.88406067,29.43421572,28.56992953,28.15744917
482568301.0000,30.72522675,30.50720388,30.31966043,30.17522718,30.03543725,29.88406053,29.43421561,28.56992950,28.15744917
483883201.0000,30.72522661,30.50720375,30.31966030,30.17522706,30.03543714,29.88406042,29.43421553,28.56992947,28.15744916
485198101.0000,30.72522643,30.50720357,30.31966013,30.17522690,30.03543699,29.88406028,29.43421542,28.56992943,28.15744916
486513001.0000,30.72522630,30.50720344,30.31966000,30.17522677,30.03543687,29.88406018,29.43421534,28.56992940,28.15744915
487827901.0000,30.72522612,30.50720327,30.31965984,30.17522662,30.03543672,29.88406004,29.43421523,28.56992937,28.15744915
489142801.0000,30.72522598,30.50720313,30.31965971,30.17522649,30.03543661,29.88405993,29.43421515,28.56992934,28.15744914
490457701.0000,30.72522581,30.50720296,30.31965955,30.17522634,30.03543646,29.88405979,29.43421504,28.56992930,28.15744914
491772601.0000,30.72522567,30.50720283,30.31965942,30.17522621,30.03543634,29.88405968,29.43421496,28.56992927,28.15744913
493087501.0000,30.72522549,30.50720266,30.31965926,30.17522606,30.03543620,29.88405955,29.43421486,28.56992924,28.15744913
494402401.0000,30.72522536,30.50720253,30.31965913,30.17522594,30.03543608,29.88405944,29.43421478,28.56992921,28.15744912
495717301.0000,30.72522518,30.50720236,30.31965897,30.17522578,30.03543594,29.88405930,29.43421467,28.56992917,28.15744912
497032201.0000,30.72522505,30.50720222,30.31965884,30.17522566,30.03543582,29.88405920,29.43421459,28.56992915,28.15744911
498347101.0000,30.72522488,30.50720206,30.31965868,30.17522551,30.03543568,29.88405906,29.43421449,28.56992911,28.15744911
499662001.0000,30.72522474,30.50720193,30.31965855,30.17522539,30.03543556,29.88405896,29.43421441,28.56992908,28.15744910
500976901.0000,30.72522457,30.50720176,30.31965840,30.17522524,30.03543542,29.88405882,29.43421431,28.56992905,28.15744910
502291801.0000,30.72522444,30.50720163,30.31965827,30.17522512,30.03543531,29.88405872,29.43421423,28.56992902,28.15744909
503606701.0000,30.72522427,30.50720146,30.31965811,30.17522496,30.03543516,29.88405858,29.43421412,28.56992898,28.15744909
504921601.0000,30.72522413,30.50720133,30.31965798,30.17522485,30.03543505,29.88405848,29.43421405,28.56992896,28.15744908
506236501.0000,30.72522396,30.50720117,30.31965783,30.17522469,30.03543491,29.88405834,29.43421394,28.56992892,28.15744908
507551401.0000,30.72522383,30.50720104,30.31965770,30.17522458,30.03543480,29.88405824,29.43421387,28.56992890,28.15744907
508866301.0000,30.72522366,30.50720087,30.31965755,30.17522443,30.03543465,29.88405811,29.43421376,28.56992886,28.15744907
510181201.0000,30.72522353,30.50720074,30.31965742,30.17522431,30.03543454,29.88405801,29.43421369,28.56992883,28.15744906
511496101.0000,30.72522336,30.50720058,30.31965727,30.17522416,30.03543440,29.88405787,29.43421359,28.56992880,28.15744906
512811001.0000,30.72522323,30.50720045,30.31965714,30.17522404,30.03543429,29.88405777,29.43421351,28.56992877,28.15744905
514125901.0000,30.72522307,30.50720029,30.31965699,30.17522389,30.03543415,29.88405764,29.43421341,28.56992874,28.15744905
515440801.0000,30.72522294,30.50720016,30.31965687,30.17522378,30.03543404,29.88405754,29.43421333,28.56992871,28.15744904
516755701.0000,30.72522277,30.50720000,30.31965671,30.17522363,30.03543390,29.88405741,29.43421323,28.56992868,28.15744904
518070601.0000,30.72522264,30.50719988,30.31965659,30.17522351,30.03543380,29.88405731,29.43421315,28.56992865,28.15744903
519385501.0000,30.72522248,30.50719972,30.31965644,30.17522337,30.03543365,29.88405718,29.43421306,28.56992862,28.15744903
520700401.0000,30.72522235,30.50719959,30.31965632,30.17522325,30.03543355,29.88405708,29.43421298,28.56992859,28.15744902
522015301.0000,30.72522218,30.50719943,30.31965617,30.17522311,30.03543341,29.88405695,29.43421288,28.56992856,28.15744902
523330201.0000,30.72522206,30.50719931,30.31965604,30.17522299,30.03543330,29.88405685,29.43421280,28.56992853,28.15744901
524645101.0000,30.72522189,30.50719915,30.31965589,30.17522285,30.03543316,29.88405672,29.43421271,28.56992850,28.15744901
525960001.0000,30.72522177,30.50719902,30.31965577,30.17522273,30.03543306,29.88405662,29.43421263,28.56992847,28.15744900
527274901.0000,30.72522160,30.50719886,30.31965562,30.17522259,30.03543292,29.88405649,29.43421253,28.56992844,28.15744900
528589801.0000,30.72522148,30.50719874,30.31965550,30.17522248,30.03543281,29.88405639,29.43421246,28.56992841,28.15744900
529904701.0000,30.72522132,30.50719858,30.31965536,30.17522233,30.03543268,29.88405626,29.43421236,28.56992838,28.15744899
531219601.0000,30.72522119,30.50719846,30.31965524,30.17522222,30.03543257,29.88405617,29.43421229,28.56992835,28.15744899
532534501.0000,30.72522103,30.50719831,30.31965509,30.17522208,30.03543244,29.88405604,29.43421219,28.56992832,28.15744898
533849401.0000,30.72522090,30.50719818,30.31965497,30.17522197,30.03543233,29.88405594,29.43421212,28.56992829,28.15744898
535164301.0000,30.72522075,30.50719803,30.31965482,30.17522182,30.03543220,29.88405582,29.43421202,28.56992826,28.15744897
536479201.0000,30.72522062,30.50719791,30.31965470,30.17522171,30.03543209,29.88405572,29.43421195,28.56992823,28.15744897
537794101.0000,30.72522046,30.50719775,30.31965456,30.17522157,30.03543196,29.88405559,29.43421185,28.56992820,28.15744896
539109001.0000,30.72522034,30.50719763,30.31965444,30.17522146,30.03543186,29.88405550,29.43421178,28.56992818,28.15744896
540423901.0000,30.72522018,30.50719748,30.31965430,30.17522132,30.03543172,29.88405537,29.43421168,28.56992814,28.15744895
541738801.0000,30.72522006,30.50719736,30.31965418,30.17522121,30.03543162,29.88405528,29.43421161,28.56992812,28.15744895
543053701.0000,30.72521990,30.50719721,30.31965403,30.17522107,30.03543149,29.88405515,29.43421152,28.56992809,28.15744894
544368601.0000,30.72521978,30.50719709,30.31965392,30.17522096,30.03543139,29.88405506,29.43421144,28.56992806,28.15744894
545683501.0000,30.72521962,30.50719693,30.31965378,30.17522082,30.03543125,29.88405494,29.43421135,28.56992803,28.15744893
546998401.0000,30.72521950,30.50719682,30.31965366,30.17522071,30.03543115,29.88405484,29.43421128,28.56992800,28.15744893
548313301.0000,30.72521935,30.50719667,30.31965352,30.17522058,30.03543102,29.88405472,29.43421119,28.56992797,28.15744893
549628201.0000,30.72521923,30.50719655,30.31965340,30.17522047,30.03543092,29.88405462,29.43421111,28.56992795,28.15744892
550943101.0000,30.72521907,30.50719640,30.31965326,30.17522033,30.03543079,29.88405450,29.43421102,28.56992792,28.15744892
552258001.0000,30.72521895,30.50719628,30.31965315,30.17522022,30.03543069,29.88405441,29.43421095,28.56992789,28.15744891
553572901.0000,30.72521880,30.50719613,30.31965300,30.17522009,30.03543056,29.88405429,29.43421086,28.56992786,28.15744891
554887801.0000,30.72521868,30.50719601,30.31965289,30.17521998,30.03543046,29.88405420,29.43421079,28.56992783,28.15744890
556202701.0000,30.72521853,30.50719587,30.31965275,30.17521984,30.03543033,29.88405407,29.43421069,28.56992780,28.15744890
557517601.0000,30.72521841,30.50719575,30.31965264,30.17521974,30.03543023,29.88405398,29.43421062,28.56992778,28.15744889
558832501.0000,30.72521826,30.50719560,30.31965250,30.17521960,30.03543010,29.88405386,29.43421053,28.56992775,28.15744889
560147401.0000,30.72521814,30.50719549,30.31965239,30.17521950,30.03543000,29.88405377,29.43421046,28.56992772,28.15744889
561462301.0000,30.72521799,30.50719534,30.31965225,30.17521936,30.03542987,29.88405365,29.43421037,28.56992769,28.15744888
562777201.0000,30.72521787,30.50719523,30.31965214,30.17521926,30.03542978,29.88405356,29.43421030,28.56992767,28.15744888
564092101.0000,30.72521772,30.50719508,30.31965200,30.17521912,30.03542965,29.88405344,29.43421021,28.56992764,28.15744887
565407001.0000,30.72521760,30.50719497,30.31965189,30.17521902,30.03542955,29.88405335,29.43421014,28.56992761,28.15744887
566721901.0000,30.72521746,30.50719482,30.31965175,30.17521889,30.03542942,29.88405323,29.43421005,28.56992758,28.15744886
568036801.0000,30.72521734,30.50719471,30.31965164,30.17521878,30.03542933,29.88405314,29.43420999,28.56992756,28.15744886
569351701.0000,30.72521719,30.50719456,30.31965150,30.17521865,30.03542920,29.88405302,29.43420990,28.56992753,28.15744885
570666601.0000,30.72521708,30.50719445,30.31965139,30.17521855,30.03542911,29.88405293,29.43420983,28.56992750,28.15744885
571981501.0000,30.72521693,30.50719431,30.31965126,30.17521842,30.03542898,29.88405282,29.43420974,28.56992747,28.15744885
573296401.0000,30.72521681,30.50719419,30.31965115,30.17521831,30.03542888,29.88405273,29.43420967,28.56992745,28.15744884
574611301.0000,30.72521667,30.50719405,30.31965101,30.17521818,30.03542876,29.88405261,29.43420958,28.56992742,28.15744884
575926201.0000,30.72521655,30.50719394,30.31965090,30.17521808,30.03542866,29.88405252,29.43420951,28.56992740,28.15744883
577241101.0000,30.72521641,30.50719380,30.31965077,30.17521795,30.03542854,29.88405241,29.43420943,28.56992737,28.15744883
578556001.0000,30.72521629,30.50719369,30.31965066,30.17521785,30.03542845,29.88405232,29.43420936,28.56992734,28.15744882
579870901.0000,30.72521615,30.50719355,30.31965053,30.17521772,30.03542832,29.88405220,29.43420927,28.56992731,28.15744882
581185801.0000,30.72521604,30.50719344,30.31965042,30.17521762,30.03542823,29.88405212,29.43420921,28.56992729,28.15744882
582500701.0000,30.72521589,30.50719330,30.31965029,30.17521749,30.03542811,29.88405200,29.43420912,28.56992726,28.15744881
583815601.0000,30.72521578,30.50719319,30.31965018,30.17521739,30.03542801,29.88405191,29.43420905,28.56992724,28.15744881
585130501.0000,30.72521564,30.50719305,30.31965005,30.17521726,30.03542789,29.88405180,29.43420897,28.56992721,28.15744880
586445401.0000,30.72521552,30.50719294,30.31964994,30.17521716,30.03542780,29.88405171,29.43420890,28.56992718,28.15744880
587760301.0000,30.72521538,30.50719280,30.31964981,30.17521704,30.03542768,29.88405160,29.43420881,28.56992715,28.15744879
589075201.0000,30.72521527,30.50719269,30.31964971,30.17521694,30.03542758,29.88405151,29.43420875,28.56992713,28.15744879
590390101.0000,30.72521513,30.50719255,30.31964958,30.17521681,30.03542746,29.88405140,29.43420866,28.56992710,28.15744879
591705001.0000,30.72521502,30.50719245,30.31964947,30.17521671,30.03542737,29.88405132,29.43420860,28.56992708,28.15744878
593019901.0000,30.72521488,30.50719231,30.31964934,30.17521659,30.03542725,29.88405120,29.43420851,28.56992705,28.15744878
594334801.0000,30.72521477,30.50719220,30.31964924,30.17521649,30.03542716,29.88405112,29.43420845,28.56992703,28.15744877
595649701.0000,30.72521463,30.50719206,30.31964911,30.17521636,30.03542704,29.88405101,29.43420836,28.56992700,28.15744877
596964601.0000,30.72521452,30.50719196,30.31964900,30.17521626,30.03542695,29.88405092,29.43420830,28.56992698,28.15744877
598279501.0000,30.72521438,30.50719182,30.31964888,30.17521614,30.03542683,29.88405081,29.43420821,28.56992695,28.15744876
599594401.0000,30.72521427,30.50719172,30.31964877,30.17521604,30.03542674,29.88405073,29.43420815,28.56992693,28.15744876
600909301.0000,30.72521413,30.50719158,30.31964864,30.17521592,30.03542662,29.88405062,29.43420807,28.56992690,28.15744875
602224201.0000,30.72521403,30.50719148,30.31964854,30.17521582,30.03542653,29.88405053,29.43420800,28.56992688,28.15744875
603539101.0000,30.72521389,30.50719134,30.31964841,30.17521570,30.03542641,29.88405042,29.43420792,28.56992685,28.15744875
604854001.0000,30.72521378,30.50719124,30.31964831,30.17521560,30.03542633,29.88405034,29.43420785,28.56992682,28.15744874
606168901.0000,30.72521364,30.50719110,30.31964819,30.17521548,30.03542621,29.88405023,29.43420777,28.56992680,28.15744874
607483801.0000,30.72521354,30.50719100,30.31964808,30.17521539,30.03542612,29.88405015,29.43420771,28.56992677,28.15744873
608798701.0000,30.72521340,30.50719087,30.31964796,30.17521526,30.03542600,29.88405004,29.43420763,28.56992675,28.15744873
610113601.0000,30.72521329,30.50719076,30.31964786,30.17521517,30.03542592,29.88404996,29.43420756,28.56992672,28.15744873
611428501.0000,30.72521316,30.50719063,30.31964773,30.17521505,30.03542580,29.88404985,29.43420748,28.56992670,28.15744872
612743401.0000,30.72521305,30.50719053,30.31964763,30.17521495,30.03542571,29.88404977,29.43420742,28.56992667,28.15744872
614058301.0000,30.72521292,30.50719040,30.31964751,30.17521483,30.03542560,29.88404966,29.43420734,28.56992665,28.15744871
615373201.0000,30.72521281,30.50719029,30.31964741,30.17521474,30.03542551,29.88404958,29.43420728,28.56992663,28.15744871
616688101.0000,30.72521268,30.50719016,30.31964729,30.17521462,30.03542540,29.88404947,29.43420719,28.56992660,28.15744871
618003001.0000,30.72521257,30.50719006,30.31964719,30.17521453,30.03542531,29.88404939,29.43420713,28.56992658,28.15744870
619317901.0000,30.72521244,30.50718993,30.31964706,30.17521441,30.03542519,29.88404929,29.43420705,28.56992655,28.15744870
620632801.0000,30.72521234,30.50718983,30.31964696,30.17521432,30.03542511,29.88404921,29.43420699,28.56992653,28.15744869
621947701.0000,30.72521221,30.50718970,30.31964684,30.17521420,30.03542500,29.88404910,29.43420691,28.56992650,28.15744869
623262601.0000,30.72521210,30.50718960,30.31964674,30.17521410,30.03542491,29.88404902,29.43420685,28.56992648,28.15744869
624577501.0000,30.72521197,30.50718947,30.31964662,30.17521399,30.03542480,29.88404892,29.43420677,28.56992645,28.15744868
625892401.0000,30.72521187,30.50718937,30.31964652,30.17521390,30.03542471,29.88404884,29.43420671,28.56992643,28.15744868
627207301.0000,30.72521174,30.50718924,30.31964640,30.17521378,30.03542460,29.88404873,29.43420663,28.56992640,28.15744867
628522201.0000,30.72521163,30.50718914,30.31964631,30.17521369,30.03542451,29.88404865,29.43420657,28.56992638,28.15744867
629837101.0000,30.72521150,30.50718902,30.31964619,30.17521357,30.03542440,29.88404855,29.43420649,28.56992635,28.15744867
631152001.0000,30.72521140,30.50718892,30.31964609,30.17521348,30.03542432,29.88404847,29.43420643,28.56992633,28.15744866
632466901.0000,30.72521127,30.50718879,30.31964597,30.17521336,30.03542421,29.88404837,29.43420635,28.56992631,28.15744866
633781801.0000,30.72521117,30.50718869,30.31964587,30.17521327,30.03542412,29.88404829,29.43420629,28.56992629,28.15744866
635096701.0000,30.72521104,30.50718857,30.31964576,30.17521316,30.03542401,29.88404819,29.43420622,28.56992626,28.15744865
636411601.0000,30.72521094,30.50718847,30.31964566,30.17521307,30.03542393,29.88404811,29.43420616,28.56992624,28.15744865
637726501.0000,30.72521082,30.50718834,30.31964554,30.17521295,30.03542382,29.88404801,29.43420608,28.56992621,28.15744864
639041401.0000,30.72521072,30.50718825,30.31964545,30.17521287,30.03542374,29.88404793,29.43420602,28.56992619,28.15744864
640356301.0000,30.72521059,30.50718812,30.31964533,30.17521275,30.03542363,29.88404783,29.43420594,28.56992617,28.15744864
641671201.0000,30.72521049,30.50718803,30.31964524,30.17521266,30.03542355,29.88404775,29.43420588,28.56992615,28.15744863
642986101.0000,30.72521036,30.50718790,30.31964512,30.17521255,30.03542344,29.88404765,29.43420581,28.56992612,28.15744863
644301001.0000,30.72521026,30.50718781,30.31964502,30.17521246,30.03542336,29.88404757,29.43420575,28.56992610,28.15744863
645615901.0000,30.72521014,30.50718768,30.31964491,30.17521235,30.03542325,29.88404747,29.43420567,28.56992607,28.15744862
646930801.0000,30.72521004,30.50718759,30.31964481,30.17521226,30.03542317,29.88404740,29.43420561,28.56992605,28.15744862
648245701.0000,30.72520991,30.50718747,30.31964470,30.17521215,30.03542306,29.88404730,29.43420554,28.56992603,28.15744861
649560601.0000,30.72520982,30.50718737,30.31964461,30.17521206,30.03542298,29.88404722,29.43420548,28.56992601,28.15744861
650875501.0000,30.72520969,30.50718725,30.31964449,30.17521195,30.03542287,29.88404712,29.43420540,28.56992598,28.15744861
652190401.0000,30.72520959,30.50718715,30.31964440,30.17521186,30.03542279,29.88404705,29.43420535,28.56992596,28.15744860
653505301.0000,30.72520947,30.50718703,30.31964428,30.17521175,30.03542269,29.88404695,29.43420527,28.56992593,28.15744860
654820201.0000,30.72520937,30.50718694,30.31964419,30.17521167,30.03542261,29.88404687,29.43420522,28.56992592,28.15744860
656135101.0000,30.72520925,30.50718682,30.31964408,30.17521156,30.03542250,29.88404677,29.43420514,28.56992589,28.15744859
657450001.0000,30.72520915,30.50718672,30.31964399,30.17521147,30.03542242,29.88404670,29.43420508,28.56992587,28.15744859
658764901.0000,30.72520903,30.50718661,30.31964387,30.17521136,30.03542232,29.88404660,29.43420501,28.56992584,28.15744858
660079801.0000,30.72520894,30.50718651,30.31964378,30.17521128,30.03542224,29.88404653,29.43420495,28.56992583,28.15744858
661394701.0000,30.72520881,30.50718639,30.31964367,30.17521117,30.03542213,29.88404643,29.43420488,28.56992580,28.15744858
662709601.0000,30.72520872,30.50718630,30.31964358,30.17521108,30.03542205,29.88404636,29.43420482,28.56992578,28.15744857
664024501.0000,30.72520860,30.50718618,30.31964347,30.17521097,30.03542195,29.88404626,29.43420475,28.56992575,28.15744857
665339401.0000,30.72520850,30.50718609,30.31964338,30.17521089,30.03542187,29.88404619,29.43420469,28.56992574,28.15744857
666654301.0000,30.72520838,30.50718597,30.31964327,30.17521078,30.03542177,29.88404609,29.43420462,28.56992571,28.15744856
667969201.0000,30.72520829,30.50718588,30.31964318,30.17521070,30.03542169,29.88404602,29.43420457,28.56992569,28.15744856
669284101.0000,30.72520817,30.50718576,30.31964307,30.17521059,30.03542159,29.88404592,29.43420449,28.56992567,28.15744856
670599001.0000,30.72520808,30.50718567,30.31964298,30.17521051,30.03542151,29.88404585,29.43420444,28.56992565,28.15744855
671913901.0000,30.72520796,30.50718556,30.31964287,30.17521040,30.03542141,29.88404576,29.43420437,28.56992562,28.15744855
673228801.0000,30.72520786,30.50718547,30.31964278,30.17521032,30.03542133,29.88404568,29.43420431,28.56992560,28.15744855
674543701.0000,30.72520775,30.50718535,30.31964267,30.17521021,30.03542123,29.88404559,29.43420424,28.56992558,28.15744854
675858601.0000,30.72520765,30.50718526,30.31964258,30.17521013,30.03542115,29.88404552,29.43420418,28.56992556,28.15744854
677173501.0000,30.72520754,30.50718515,30.31964247,30.17521002,30.03542105,29.88404542,29.43420411,28.56992554,28.15744854
678488401.0000,30.72520744,30.50718506,30.31964239,30.17520994,30.03542098,29.88404535,29.43420406,28.56992552,28.15744853
679803301.0000,30.72520733,30.50718494,30.31964228,30.17520984,30.03542088,29.88404526,29.43420399,28.56992549,28.15744853
681118201.0000,30.72520723,30.50718485,30.31964219,30.17520975,30.03542080,29.88404519,29.43420393,28.56992547,28.15744853
682433101.0000,30.72520712,30.50718474,30.31964208,30.17520965,30.03542070,29.88404509,29.43420386,28.56992545,28.15744852
683748001.0000,30.72520703,30.50718465,30.31964200,30.17520957,30.03542062,29.88404502,29.43420381,28.56992543,28.15744852
685062901.0000,30.72520691,30.50718454,30.31964189,30.17520946,30.03542052,29.88404493,29.43420374,28.56992541,28.15744851
686377801.0000,30.72520682,30.50718445,30.31964181,30.17520938,30.03542045,29.88404486,29.43420369,28.56992539,28.15744851
687692701.0000,30.72520671,30.50718434,30.31964170,30.17520928,30.03542035,29.88404477,29.43420362,28.56992536,28.15744851
689007601.0000,30.72520662,30.50718425,30.31964161,30.17520920,30.03542028,29.88404470,29.43420356,28.56992535,28.15744851
690322501.0000,30.72520650,30.50718414,30.31964151,30.17520910,30.03542018,29.88404461,29.43420349,28.56992532,28.15744850
691637401.0000,30.72520641,30.50718405,30.31964142,30.17520902,30.03542010,29.88404454,29.43420344,28.56992530,28.15744850
692952301.0000,30.72520630,30.50718394,30.31964132,30.17520892,30.03542001,29.88404445,29.43420337,28.56992528,28.15744849
694267201.0000,30.72520621,30.50718385,30.31964123,30.17520884,30.03541993,29.88404438,29.43420332,28.56992526,28.15744849
695582101.0000,30.72520610,30.50718374,30.31964113,30.17520873,30.03541984,29.88404429,29.43420325,28.56992524,28.15744849
696897001.0000,30.72520601,30.50718365,30.31964104,30.17520866,30.03541976,29.88404422,29.43420320,28.56992522,28.15744849
698211901.0000,30.72520589,30.50718354,30.31964094,30.17520856,30.03541967,29.88404413,29.43420313,28.56992520,28.15744848
699526801.0000,30.72520581,30.50718346,30.31964086,30.17520848,30.03541959,29.88404406,29.43420308,28.56992518,28.15744848
700841701.0000,30.72520569,30.50718335,30.31964075,30.17520838,30.03541950,29.88404397,29.43420301,28.56992516,28.15744847
702156601.0000,30.72520561,30.50718326,30.31964067,30.17520830,30.03541942,29.88404390,29.43420296,28.56992514,28.15744847
703471501.0000,30.72520550,30.50718315,30.31964057,30.17520820,30.03541933,29.88404382,29.43420289,28.56992511,28.15744847
704786401.0000,30.72520541,30.50718307,30.31964048,30.17520812,30.03541926,29.88404375,29.43420284,28.56992510,28.15744847
706101301.0000,30.72520530,30.50718296,30.31964038,30.17520802,30.03541916,29.88404366,29.43420277,28.56992507,28.15744846
707416201.0000,30.72520521,30.50718288,30.31964030,30.17520794,30.03541909,29.88404359,29.43420272,28.56992506,28.15744846
708731101.0000,30.72520510,30.50718277,30.31964020,30.17520785,30.03541899,29.88404350,29.43420265,28.56992503,28.15744846
710046001.0000,30.72520501,30.50718269,30.31964012,30.17520777,30.03541892,29.88404344,29.43420260,28.56992502,28.15744845
711360901.0000,30.72520490,30.50718258,30.31964001,30.17520767,30.03541883,29.88404335,29.43420254,28.56992499,28.15744845
712675801.0000,30.72520482,30.50718250,30.31963993,30.17520759,30.03541876,29.88404328,29.43420248,28.56992497,28.15744845
713990701.0000,30.72520471,30.50718239,30.31963983,30.17520750,30.03541866,29.88404320,29.43420242,28.56992495,28.15744844
715305601.0000,30.72520462,30.50718231,30.31963975,30.17520742,30.03541859,29.88404313,29.43420237,28.56992493,28.15744844
716620501.0000,30.72520452,30.50718220,30.31963965,30.17520732,30.03541850,29.88404304,29.43420230,28.56992491,28.15744844
717935401.0000,30.72520443,30.50718212,30.31963957,30.17520725,30.03541843,29.88404298,29.43420225,28.56992489,28.15744843
719250301.0000,30.72520432,30.50718201,30.31963947,30.17520715,30.03541834,29.88404289,29.43420219,28.56992487,28.15744843
720565201.0000,30.72520424,30.50718193,30.31963939,30.17520708,30.03541827,29.88404283,29.43420214,28.56992486,28.15744843
721880101.0000,30.72520413,30.50718183,30.31963929,30.17520698,30.03541818,29.88404274,29.43420207,28.56992483,28.15744842
723195001.0000,30.72520405,30.50718174,30.31963921,30.17520690,30.03541811,29.88404268,29.43420202,28.56992482,28.15744842
724509901.0000,30.72520394,30.50718164,30.31963911,30.17520681,30.03541802,29.88404259,29.43420196,28.56992479,28.15744842
725824801.0000,30.72520386,30.50718156,30.31963903,30.17520674,30.03541795,29.88404253,29.43420191,28.56992478,28.15744841
727139701.0000,30.72520375,30.50718146,30.31963894,30.17520664,30.03541786,29.88404244,29.43420184,28.56992475,28.15744841
728454601.0000,30.72520367,30.50718137,30.31963886,30.17520657,30.03541779,29.88404238,29.43420180,28.56992474,28.15744841
729769501.0000,30.72520356,30.50718127,30.31963876,30.17520647,30.03541770,29.88404229,29.43420173,28.56992472,28.15744840
731084401.0000,30.72520348,30.50718119,30.31963868,30.17520640,30.03541763,29.88404223,29.43420168,28.56992470,28.15744840
732399301.0000,30.72520338,30.50718109,30.31963859,30.17520630,30.03541754,29.88404215,29.43420162,28.56992468,28.15744840
733714201.0000,30.72520329,30.50718101,30.31963851,30.17520623,30.03541747,29.88404208,29.43420157,28.56992466,28.15744840
735029101.0000,30.72520319,30.50718091,30.31963841,30.17520614,30.03541738,29.88404200,29.43420151,28.56992464,28.15744839
736344001.0000,30.72520311,30.50718083,30.31963833,30.17520606,30.03541731,29.88404194,29.43420146,28.56992462,28.15744839
737658901.0000,30.72520301,30.50718073,30.31963824,30.17520597,30.03541722,29.88404185,29.43420140,28.56992460,28.15744839
738973801.0000,30.72520292,30.50718065,30.31963816,30.17520590,30.03541716,29.88404179,29.43420135,28.56992458,28.15744838
740288701.0000,30.72520282,30.50718055,30.31963807,30.17520581,30.03541707,29.88404171,29.43420129,28.56992456,28.15744838
741603601.0000,30.72520274,30.50718047,30.31963799,30.17520574,30.03541700,29.88404165,29.43420124,28.56992455,28.15744838
742918501.0000,30.72520264,30.50718037,30.31963789,30.17520564,30.03541691,29.88404156,29.43420118,28.56992452,28.15744837
744233401.0000,30.72520256,30.50718029,30.31963782,30.17520557,30.03541685,29.88404150,29.43420113,28.56992451,28.15744837
745548301.0000,30.72520246,30.50718019,30.31963772,30.17520548,30.03541676,29.88404142,29.43420107,28.56992449,28.15744837
746863201.0000,30.72520238,30.50718011,30.31963765,30.17520541,30.03541669,29.88404136,29.43420102,28.56992447,28.15744837
748178101.0000,30.72520227,30.50718001,30.31963755,30.17520532,30.03541661,29.88404128,29.43420096,28.56992445,28.15744836
749493001.0000,30.72520220,30.50717994,30.31963748,30.17520525,30.03541654,29.88404122,29.43420091,28.56992443,28.15744836
750807901.0000,30.72520209,30.50717984,30.31963739,30.17520516,30.03541645,29.88404114,29.43420085,28.56992441,28.15744836
752122801.0000,30.72520202,30.50717976,30.31963731,30.17520509,30.03541639,29.88404107,29.43420080,28.56992440,28.15744835
753437701.0000,30.72520192,30.50717966,30.31963722,30.17520500,30.03541630,29.88404099,29.43420074,28.56992437,28.15744835
754752601.0000,30.72520184,30.50717959,30.31963714,30.17520493,30.03541624,29.88404093,29.43420070,28.56992436,28.15744835
756067501.0000,30.72520174,30.50717949,30.31963705,30.17520484,30.03541615,29.88404085,29.43420064,28.56992434,28.15744834
757382401.0000,30.72520166,30.50717941,30.31963698,30.17520477,30.03541609,29.88404079,29.43420059,28.56992432,28.15744834
758697301.0000,30.72520156,30.50717932,30.31963689,30.17520468,30.03541600,29.88404071,29.43420053,28.56992430,28.15744834
760012201.0000,30.72520148,30.50717924,30.31963681,30.17520461,30.03541594,29.88404065,29.43420048,28.56992429,28.15744834
761327101.0000,30.72520138,30.50717914,30.31963672,30.17520452,30.03541585,29.88404058,29.43420042,28.56992426,28.15744833
762642001.0000,30.72520131,30.50717907,30.31963665,30.17520445,30.03541579,29.88404052,29.43420038,28.56992425,28.15744833
763956901.0000,30.72520121,30.50717897,30.31963656,30.17520436,30.03541571,29.88404044,29.43420032,28.56992423,28.15744833
765271801.0000,30.72520113,30.50717890,30.31963648,30.17520430,30.03541564,29.88404038,29.43420027,28.56992421,28.15744832
766586701.0000,30.72520103,30.50717880,30.31963639,30.17520421,30.03541556,29.88404030,29.43420021,28.56992419,28.15744832
767901601.0000,30.72520096,30.50717873,30.31963632,30.17520414,30.03541549,29.88404024,29.43420017,28.56992418,28.15744832
769216501.0000,30.72520086,30.50717863,30.31963623,30.17520405,30.03541541,29.88404016,29.43420011,28.56992416,28.15744832
770531401.0000,30.72520078,30.50717856,30.31963616,30.17520399,30.03541535,29.88404010,29.43420006,28.56992414,28.15744831
771846301.0000,30.72520069,30.50717847,30.31963607,30.17520390,30.03541527,29.88404003,29.43420001,28.56992412,28.15744831
773161201.0000,30.72520061,30.50717839,30.31963600,30.17520383,30.03541520,29.88403997,29.43419996,28.56992411,28.15744831
774476101.0000,30.72520052,30.50717830,30.31963591,30.17520375,30.03541512,29.88403989,29.43419990,28.56992409,28.15744830
775791001.0000,30.72520044,30.50717822,30.31963584,30.17520368,30.03541506,29.88403983,29.43419986,28.56992407,28.15744830
777105901.0000,30.72520035,30.50717813,30.31963575,30.17520359,30.03541498,29.88403976,29.43419980,28.56992405,28.15744830
778420801.0000,30.72520027,30.50717806,30.31963568,30.17520353,30.03541491,29.88403970,29.43419976,28.56992404,28.15744830
779735701.0000,30.72520018,30.50717797,30.31963559,30.17520344,30.03541483,29.88403962,29.43419970,28.56992402,28.15744829
781050601.0000,30.72520010,30.50717789,30.31963552,30.17520337,30.03541477,29.88403957,29.43419966,28.56992400,28.15744829
782365501.0000,30.72520001,30.50717780,30.31963543,30.17520329,30.03541469,29.88403949,29.43419960,28.56992398,28.15744829
783680401.0000,30.72519993,30.50717773,30.31963536,30.17520322,30.03541463,29.88403943,29.43419955,28.56992397,28.15744828
784995301.0000,30.72519984,30.50717764,30.31963528,30.17520314,30.03541455,29.88403936,29.43419950,28.56992395,28.15744828
786310201.0000,30.72519977,30.50717757,30.31963521,30.17520307,30.03541449,29.88403930,29.43419945,28.56992393,28.15744828
787625101.0000,30.72519967,30.50717748,30.31963512,30.17520299,30.03541441,29.88403923,29.43419940,28.56992391,28.15744828
788940001.0000,30.72519960,30.50717740,30.31963505,30.17520293,30.03541435,29.88403917,29.43419935,28.56992390,28.15744827
790254901.0000,30.72519951,30.50717731,30.31963497,30.17520284,30.03541427,29.88403910,29.43419930,28.56992388,28.15744827
791569801.0000,30.72519943,30.50717724,30.31963490,30.17520278,30.03541421,29.88403904,29.43419925,28.56992386,28.15744827
792884701.0000,30.72519934,30.50717715,30.31963481,30.17520269,30.03541413,29.88403897,29.43419920,28.56992384,28.15744826
794199601.0000,30.72519927,30.50717708,30.31963474,30.17520263,30.03541407,29.88403891,29.43419916,28.56992383,28.15744826
795514501.0000,30.72519918,30.50717699,30.31963466,30.17520255,30.03541399,29.88403884,29.43419910,28.56992381,28.15744826
796829401.0000,30.72519911,30.50717692,30.31963459,30.17520248,30.03541393,29.88403878,29.43419906,28.56992379,28.15744826
798144301.0000,30.72519901,30.50717683,30.31963450,30.17520240,30.03541385,29.88403871,29.43419900,28.56992378,28.15744825
799459201.0000,30.72519894,30.50717676,30.31963444,30.17520234,30.03541379,29.88403865,29.43419896,28.56992376,28.15744825
800774101.0000,30.72519885,30.50717667,30.31963435,30.17520226,30.03541371,29.88403858,29.43419891,28.56992374,28.15744825
802089001.0000,30.72519878,30.50717661,30.31963428,30.17520219,30.03541365,29.88403852,29.43419886,28.56992373,28.15744825
803403901.0000,30.72519869,30.50717652,30.31963420,30.17520211,30.03541358,29.88403845,29.43419881,28.56992371,28.15744824
804718801.0000,30.72519862,30.50717645,30.31963413,30.17520205,30.03541352,29.88403840,29.43419877,28.56992369,28.15744824
806033701.0000,30.72519853,30.50717636,30.31963405,30.17520197,30.03541344,29.88403833,29.43419871,28.56992368,28.15744824
807348601.0000,30.72519846,30.50717629,30.31963398,30.17520191,30.03541338,29.88403827,29.43419867,28.56992366,28.15744824
808663501.0000,30.72519837,30.50717620,30.31963390,30.17520183,30.03541331,29.88403820,29.43419862,28.56992364,28.15744823
809978401.0000,30.72519830,30.50717614,30.31963384,30.17520176,30.03541325,29.88403815,29.43419857,28.56992363,28.15744823
811293301.0000,30.72519821,30.50717605,30.31963375,30.17520168,30.03541317,29.88403807,29.43419852,28.56992361,28.15744823
812608201.0000,30.72519814,30.50717598,30.31963369,30.17520162,30.03541311,29.88403802,29.43419848,28.56992360,28.15744823
813923101.0000,30.72519805,30.50717590,30.31963361,30.17520154,30.03541304,29.88403795,29.43419843,28.56992358,28.15744822
815238001.0000,30.72519798,30.50717583,30.31963354,30.17520148,30.03541298,29.88403790,29.43419838,28.56992356,28.15744822
816552901.0000,30.72519790,30.50717574,30.31963346,30.17520140,30.03541291,29.88403783,29.43419833,28.56992354,28.15744822
817867801.0000,30.72519783,30.50717568,30.31963339,30.17520134,30.03541285,29.88403777,29.43419829,28.56992353,28.15744821
819182701.0000,30.72519774,30.50717559,30.31963331,30.17520126,30.03541277,29.88403770,29.43419824,28.56992351,28.15744821
820497601.0000,30.72519767,30.50717552,30.31963325,30.17520120,30.03541272,29.88403765,29.43419820,28.56992350,28.15744821
821812501.0000,30.72519759,30.50717544,30.31963317,30.17520112,30.03541264,29.88403758,29.43419814,28.56992348,28.15744821
823127401.0000,30.72519752,30.50717537,30.31963310,30.17520106,30.03541259,29.88403753,29.43419810,28.56992347,28.15744820
824442301.0000,30.72519743,30.50717529,30.31963302,30.17520098,30.03541251,29.88403746,29.43419805,28.56992345,28.15744820
825757201.0000,30.72519736,30.50717522,30.31963296,30.17520092,30.03541246,29.88403741,29.43419801,28.56992343,28.15744820
827072101.0000,30.72519728,30.50717514,30.31963288,30.17520085,30.03541238,29.88403734,29.43419796,28.56992342,28.15744820
828387001.0000,30.72519721,30.50717507,30.31963281,30.17520079,30.03541233,29.88403728,29.43419792,28.56992340,28.15744819
829701901.0000,30.72519712,30.50717499,30.31963274,30.17520071,30.03541225,29.88403722,29.43419787,28.56992338,28.15744819
831016801.0000,30.72519706,30.50717492,30.31963267,30.17520065,30.03541220,29.88403716,29.43419783,28.56992337,28.15744819
832331701.0000,30.72519697,30.50717484,30.31963259,30.17520057,30.03541212,29.88403710,29.43419778,28.56992335,28.15744819
833646601.0000,30.72519691,30.50717478,30.31963253,30.17520052,30.03541207,29.88403704,29.43419774,28.56992334,28.15744818
834961501.0000,30.72519682,30.50717469,30.31963245,30.17520044,30.03541200,29.88403698,29.43419769,28.56992332,28.15744818
836276401.0000,30.72519675,30.50717463,30.31963239,30.17520038,30.03541194,29.88403693,29.43419765,28.56992331,28.15744818
837591301.0000,30.72519667,30.50717455,30.31963231,30.17520030,30.03541187,29.88403686,29.43419760,28.56992329,28.15744818
838906201.0000,30.72519660,30.50717448,30.31963225,30.17520025,30.03541181,29.88403681,29.43419756,28.56992328,28.15744817
840221101.0000,30.72519652,30.50717440,30.31963217,30.17520017,30.03541174,29.88403674,29.43419751,28.56992326,28.15744817
841536001.0000,30.72519646,30.50717434,30.31963211,30.17520011,30.03541169,29.88403669,29.43419747,28.56992325,28.15744817
842850901.0000,30.72519637,30.50717425,30.31963203,30.17520004,30.03541162,29.88403662,29.43419742,28.56992323,28.15744817
844165801.0000,30.72519631,30.50717419,30.31963197,30.17519998,30.03541156,29.88403657,29.43419738,28.56992322,28.15744816
845480701.0000,30.72519622,30.50717411,30.31963189,30.17519991,30.03541149,29.88403651,29.43419733,28.56992320,28.15744816
846795601.0000,30.72519616,30.50717405,30.31963183,30.17519985,30.03541144,29.88403646,29.43419729,28.56992319,28.15744816
848110501.0000,30.72519608,30.50717397,30.31963176,30.17519977,30.03541137,29.88403639,29.43419724,28.56992317,28.15744816
849425401.0000,30.72519601,30.50717390,30.31963169,30.17519972,30.03541131,29.88403634,29.43419720,28.56992315,28.15744815
850740301.0000,30.72519593,30.50717382,30.31963162,30.17519964,30.03541124,29.88403628,29.43419715,28.56992314,28.15744815
852055201.0000,30.72519587,30.50717376,30.31963156,30.17519959,30.03541119,29.88403623,29.43419711,28.56992312,28.15744815
853370101.0000,30.72519579,30.50717368,30.31963148,30.17519951,30.03541112,29.88403616,29.43419706,28.56992311,28.15744815
854685001.0000,30.72519572,30.50717362,30.31963142,30.17519946,30.03541107,29.88403611,29.43419703,28.56992309,28.15744815
855999901.0000,30.72519564,30.50717354,30.31963135,30.17519938,30.03541100,29.88403605,29.43419698,28.56992308,28.15744814
857314801.0000,30.72519558,30.50717348,30.31963129,30.17519933,30.03541095,29.88403600,29.43419694,28.56992306,28.15744814
858629701.0000,30.72519550,30.50717340,30.31963121,30.17519925,30.03541088,29.88403593,29.43419689,28.56992305,28.15744814
859944601.0000,30.72519543,30.50717334,30.31963115,30.17519920,30.03541082,29.88403588,29.43419685,28.56992304,28.15744814
861259501.0000,30.72519535,30.50717326,30.31963108,30.17519913,30.03541076,29.88403582,29.43419681,28.56992302,28.15744813
862574401.0000,30.72519529,30.50717320,30.31963102,30.17519907,30.03541070,29.88403577,29.43419677,28.56992301,28.15744813
863889301.0000,30.72519521,30.50717312,30.31963095,30.17519900,30.03541064,29.88403571,29.43419672,28.56992299,28.15744813
865204201.0000,30.72519515,30.50717306,30.31963089,30.17519894,30.03541058,29.88403566,29.43419668,28.56992298,28.15744813
866519101.0000,30.72519507,30.50717298,30.31963081,30.17519887,30.03541052,29.88403560,29.43419664,28.56992296,28.15744812
867834001.0000,30.72519501,30.50717292,30.31963075,30.17519882,30.03541046,29.88403555,29.43419660,28.56992295,28.15744812
869148901.0000,30.72519493,30.50717285,30.31963068,30.17519875,30.03541040,29.88403549,29.43419655,28.56992293,28.15744812
870463801.0000,30.72519487,30.50717279,30.31963062,30.17519869,30.03541035,29.88403544,29.43419651,28.56992292,28.15744812
871778701.0000,30.72519479,30.50717271,30.31963055,30.17519862,30.03541028,29.88403537,29.43419647,28.56992290,28.15744811
873093601.0000,30.72519473,30.50717265,30.31963049,30.17519857,30.03541023,29.88403533,29.43419643,28.56992289,28.15744811
874408501.0000,30.72519465,30.50717257,30.31963042,30.17519850,30.03541016,29.88403527,29.43419638,28.56992287,28.15744811
875723401.0000,30.72519459,30.50717251,30.31963036,30.17519844,30.03541011,29.88403522,29.43419635,28.56992286,28.15744811
877038301.0000,30.72519451,30.50717244,30.31963029,30.17519837,30.03541004,29.88403516,29.43419630,28.56992284,28.15744811
878353201.0000,30.72519445,30.50717238,30.31963023,30.17519832,30.03540999,29.88403511,29.43419626,28.56992283,28.15744810
879668101.0000,30.72519437,30.50717230,30.31963016,30.17519825,30.03540993,29.88403505,29.43419622,28.56992282,28.15744810
880983001.0000,30.72519431,30.50717225,30.31963010,30.17519820,30.03540988,29.88403500,29.43419618,28.56992280,28.15744810
882297901.0000,30.72519424,30.50717217,30.31963003,30.17519813,30.03540981,29.88403494,29.43419614,28.56992279,28.15744810
883612801.0000,30.72519418,30.50717211,30.31962998,30.17519807,30.03540976,29.88403489,29.43419610,28.56992278,28.15744809
884927701.0000,30.72519410,30.50717204,30.31962991,30.17519801,30.03540970,29.88403483,29.43419605,28.56992276,28.15744809
886242601.0000,30.72519404,30.50717198,30.31962985,30.17519795,30.03540965,29.88403479,29.43419602,28.56992275,28.15744809
887557501.0000,30.72519396,30.50717191,30.31962978,30.17519788,30.03540958,29.88403472,29.43419597,28.56992273,28.15744809
888872401.0000,30.72519391,30.50717185,30.31962972,30.17519783,30.03540953,29.88403468,29.43419594,28.56992272,28.15744809
890187301.0000,30.72519383,30.50717177,30.31962965,30.17519776,30.03540947,29.88403462,29.43419589,28.56992270,28.15744808
891502201.0000,30.72519377,30.50717172,30.31962960,30.17519771,30.03540942,29.88403457,29.43419586,28.56992269,28.15744808
892817101.0000,30.72519370,30.50717164,30.31962953,30.17519764,30.03540935,29.88403451,29.43419581,28.56992268,28.15744808
894132001.0000,30.72519364,30.50717159,30.31962947,30.17519759,30.03540931,29.88403447,29.43419578,28.56992266,28.15744808
895446901.0000,30.72519356,30.50717151,30.31962940,30.17519752,30.03540924,29.88403441,29.43419573,28.56992265,28.15744807
896761801.0000,30.72519350,30.50717146,30.31962935,30.17519747,30.03540919,29.88403436,29.43419570,28.56992264,28.15744807
898076701.0000,30.72519343,30.50717138,30.31962928,30.17519741,30.03540913,29.88403430,29.43419565,28.56992262,28.15744807
899391601.0000,30.72519337,30.50717133,30.31962922,30.17519735,30.03540908,29.88403426,29.43419562,28.56992261,28.15744807
900706501.0000,30.72519330,30.50717126,30.31962916,30.17519729,30.03540902,29.88403420,29.43419557,28.56992259,28.15744807
902021401.0000,30.72519324,30.50717120,30.31962910,30.17519724,30.03540897,29.88403415,29.43419554,28.56992258,28.15744806
903336301.0000,30.72519317,30.50717113,30.31962903,30.17519717,30.03540891,29.88403410,29.43419549,28.56992257,28.15744806
904651201.0000,30.72519311,30.50717107,30.31962898,30.17519712,30.03540886,29.88403405,29.43419546,28.56992255,28.15744806
905966101.0000,30.72519304,30.50717100,30.31962891,30.17519705,30.03540880,29.88403399,29.43419542,28.56992254,28.15744806
907281001.0000,30.72519298,30.50717094,30.31962886,30.17519700,30.03540875,29.88403395,29.43419538,28.56992253,28.15744805
908595901.0000,30.72519291,30.50717087,30.31962879,30.17519694,30.03540869,29.88403389,29.43419534,28.56992251,28.15744805
909910801.0000,30.72519285,30.50717082,30.31962874,30.17519689,30.03540864,29.88403385,29.43419530,28.56992250,28.15744805
911225701.0000,30.72519278,30.50717075,30.31962867,30.17519682,30.03540858,29.88403379,29.43419526,28.56992249,28.15744805
912540601.0000,30.72519272,30.50717069,30.31962862,30.17519677,30.03540853,29.88403374,29.43419523,28.56992247,28.15744805
913855501.0000,30.72519265,30.50717062,30.31962855,30.17519671,30.03540847,29.88403369,29.43419518,28.56992246,28.15744804
915170401.0000,30.72519259,30.50717057,30.31962850,30.17519666,30.03540842,29.88403364,29.43419515,28.56992245,28.15744804
916485301.0000,30.72519252,30.50717050,30.31962843,30.17519659,30.03540836,29.88403359,29.43419511,28.56992243,28.15744804
917800201.0000,30.72519247,30.50717044,30.31962838,30.17519654,30.03540831,29.88403354,29.43419507,28.56992242,28.15744804
919115101.0000,30.72519240,30.50717037,30.31962831,30.17519648,30.03540825,29.88403349,29.43419503,28.56992241,28.15744804
920430001.0000,30.72519234,30.50717032,30.31962826,30.17519643,30.03540821,29.88403344,29.43419500,28.56992240,28.15744803
921744901.0000,30.72519227,30.50717025,30.31962819,30.17519637,30.03540815,29.88403339,29.43419495,28.56992238,28.15744803
923059801.0000,30.72519221,30.50717020,30.31962814,30.17519632,30.03540810,29.88403334,29.43419492,28.56992237,28.15744803
924374701.0000,30.72519214,30.50717013,30.31962808,30.17519625,30.03540804,29.88403329,29.43419488,28.56992235,28.15744803
925689601.0000,30.72519209,30.50717008,30.31962802,30.17519621,30.03540800,29.88403325,29.43419485,28.56992234,28.15744803
927004501.0000,30.72519202,30.50717001,30.31962796,30.17519614,30.03540794,29.88403319,29.43419480,28.56992233,28.15744802
928319401.0000,30.72519196,30.50716995,30.31962791,30.17519609,30.03540789,29.88403315,29.43419477,28.56992232,28.15744802
929634301.0000,30.72519189,30.50716989,30.31962784,30.17519603,30.03540783,29.88403309,29.43419473,28.56992230,28.15744802
930949201.0000,30.72519184,30.50716983,30.31962779,30.17519598,30.03540779,29.88403305,29.43419470,28.56992229,28.15744802
932264101.0000,30.72519177,30.50716977,30.31962773,30.17519592,30.03540773,29.88403299,29.43419466,28.56992228,28.15744801
933579001.0000,30.72519172,30.50716971,30.31962768,30.17519587,30.03540768,29.88403295,29.43419462,28.56992227,28.15744801
934893901.0000,30.72519165,30.50716965,30.31962761,30.17519581,30.03540762,29.88403290,29.43419458,28.56992225,28.15744801
936208801.0000,30.72519159,30.50716959,30.31962756,30.17519576,30.03540758,29.88403286,29.43419455,28.56992224,28.15744801
937523701.0000,30.72519153,30.50716953,30.31962750,30.17519570,30.03540752,29.88403280,29.43419451,28.56992223,28.15744801
938838601.0000,30.72519147,30.50716947,30.31962745,30.17519565,30.03540747,29.88403276,29.43419448,28.56992222,28.15744800
940153501.0000,30.72519141,30.50716941,30.31962738,30.17519559,30.03540742,29.88403271,29.43419444,28.56992220,28.15744800
941468401.0000,30.72519135,30.50716936,30.31962733,30.17519555,30.03540737,29.88403266,29.43419440,28.56992219,28.15744800
942783301.0000,30.72519128,30.50716929,30.31962727,30.17519549,30.03540731,29.88403261,29.43419436,28.56992218,28.15744800
944098201.0000,30.72519123,30.50716924,30.31962722,30.17519544,30.03540727,29.88403257,29.43419433,28.56992217,28.15744800
945413101.0000,30.72519116,30.50716917,30.31962716,30.17519538,30.03540721,29.88403252,29.43419429,28.56992215,28.15744799
946728001.0000,30.72519111,30.50716912,30.31962711,30.17519533,30.03540717,29.88403247,29.43419426,28.56992214,28.15744799
